Workbook

Sheet Master_Sheet
A1: Department of Computer Science & Engineering - Third Year Project Evaluation: MASTER SHEET | G1: EVALUATION-1 | R1: EVALUATION-2 | X1: EVALUATION-3 | AD1: GRAND TOTAL
A2: Evaluation-1 (30) = Presentation-1 (6, DPRC) + Presentation-2 (24, Evaluator rubric). Evaluation-2 (30) and Evaluation-3 (40) are fetched live from each Evaluator's own sheet. GRAND TOTAL (100) = Evaluation-1 + Evaluation-2 + Evaluation-3. Project Title is fetched from each guide's sheet (evaluators type it there for groups where it is blank). | G2: PRESENTATION-1 | H2: PRESENTATION-2
A3: Project_Id | B3: Project Title | C3: Guide | D3: Evaluator | E3: Member Roll No | F3: Member Name | G3: Problem Identification, Relevance, Objectives & Scope(6 Marks) | H3: Literature Review, Existing Work & Research Gap (6) | I3: Proposed Methodology, Technical Approach & Feasibility (6) | J3: Societal, Environmental, Sustainability & Ethical Considerations (6) | K3: Work Plan, Team Contribution & Initial Presentation (6) | L3: Review Marks (24) | M3: Total Marks (30) | N3: Fetch Check | O3: Guide (Filled) | P3: Presentation-1 Given? | Q3: Presentation-2 Given? | R3: Project Implementation & Application of Technical Knowledge (6) | S3: Problem Solving, Troubleshooting & Functional Development (6) | T3: Individual Contribution, Teamwork & Professional Practice (6) | U3: Societal, Environmental, Sustainability & Ethical Compliance (6) | V3: Progress Reporting, Presentation & Timeline Management (6) | W3: Evaluation-2 Total (30) | X3: Achievement of Objectives, Technical Quality & Implementation (8) | Y3: Testing, Validation, Results & Innovation (8) | Z3: Project Report, Documentation & Research Output (8) | AA3: Societal, Environmental, Sustainability & Ethical Impact (8) | AB3: Presentation, Viva & Individual Contribution (8) | AC3: Evaluation-3 Total (40) | AD3: GRAND TOTAL MARKS (100) | AE3: Evaluation-2 Given? | AF3: Evaluation-3 Given? | AG3: Project_Id (Filled) | AH3: Project Title (Filled) | AI3: Evaluator (Filled)
A4: P_001 | B4: =IF('Mr. Akhilesh Kumar Srivastava'!B4="","",'Mr. Akhilesh Kumar Srivastava'!B4) | C4: Mr. Abhishek Yadav | D4: Mr. Akhilesh Kumar Srivastava | E4: 2400320100481 | F4: Hardik Bhardwaj | G4: =IFERROR(INDEX('Evaluation-1'!$N$6:$N$436,MATCH($A4&"|"&$E4,'Evaluation-1'!$P$6:$P$436,0)),IFERROR(INDEX('Evaluation-1'!$N$6:$N$436,MATCH($E4,'Evaluation-1'!$G$6:$G$436,0)),"")) -> 4.2 | H4: =IF('Mr. Akhilesh Kumar Srivastava'!F4="","",'Mr. Akhilesh Kumar Srivastava'!F4) -> 6 | I4: =IF('Mr. Akhilesh Kumar Srivastava'!G4="","",'Mr. Akhilesh Kumar Srivastava'!G4) -> 6 | J4: =IF('Mr. Akhilesh Kumar Srivastava'!H4="","",'Mr. Akhilesh Kumar Srivastava'!H4) -> 6 | K4: =IF('Mr. Akhilesh Kumar Srivastava'!I4="","",'Mr. Akhilesh Kumar Srivastava'!I4) -> 6 | L4: =IF(COUNT(H4:K4)=0,"",SUM(H4:K4)) -> 24 | M4: =IF(COUNT(G4,L4)=0,"",ROUND(SUM(G4,L4),2)) -> 28.2 | N4: =IF($G4="","Not in Evaluation-1",IF(TRIM(LOWER(IFERROR(INDEX('Evaluation-1'!$H$6:$H$436,MATCH($A4&"|"&$E4,'Evaluation-1'!$P$6:$P$436,0)),INDEX('Evaluation-1'!$H$6:$H$436,MATCH($E4,'Evaluation-1'!$G$6:$G$436,0)))))=TRIM(LOWER($F4)),"OK","CHECK NAME")) -> OK | O4: =C4 -> Mr. Abhishek Yadav | P4: =IF(OR(ISNUMBER(IFERROR(INDEX('Evaluation-1'!$K$6:$K$436,MATCH($A4&"|"&$E4,'Evaluation-1'!$P$6:$P$436,0)),IFERROR(INDEX('Evaluation-1'!$K$6:$K$436,MATCH($E4,'Evaluation-1'!$G$6:$G$436,0)),""))),ISNUMBER(IFERROR(INDEX('Evaluation-1'!$L$6:$L$436,MATCH($A4&"|"&$E4,'Evaluation-1'!$P$6:$P$436,0)),IFERROR(INDEX('Evaluation-1'!$L$6:$L$436,MATCH($E4,'Evaluation-1'!$G$6:$G$436,0)),"")))),"Yes","No") -> Yes | Q4: =IF(L4<>"","Yes","No") -> Yes | R4: =IF('Mr. Akhilesh Kumar Srivastava'!M4="","",'Mr. Akhilesh Kumar Srivastava'!M4) | S4: =IF('Mr. Akhilesh Kumar Srivastava'!N4="","",'Mr. Akhilesh Kumar Srivastava'!N4) | T4: =IF('Mr. Akhilesh Kumar Srivastava'!O4="","",'Mr. Akhilesh Kumar Srivastava'!O4) | U4: =IF('Mr. Akhilesh Kumar Srivastava'!P4="","",'Mr. Akhilesh Kumar Srivastava'!P4) | V4: =IF('Mr. Akhilesh Kumar Srivastava'!Q4="","",'Mr. Akhilesh Kumar Srivastava'!Q4) | W4: =IF(COUNT(R4:V4)=0,"",SUM(R4:V4)) | X4: =IF('Mr. Akhilesh Kumar Srivastava'!S4="","",'Mr. Akhilesh Kumar Srivastava'!S4) | Y4: =IF('Mr. Akhilesh Kumar Srivastava'!T4="","",'Mr. Akhilesh Kumar Srivastava'!T4) | Z4: =IF('Mr. Akhilesh Kumar Srivastava'!U4="","",'Mr. Akhilesh Kumar Srivastava'!U4) | AA4: =IF('Mr. Akhilesh Kumar Srivastava'!V4="","",'Mr. Akhilesh Kumar Srivastava'!V4) | AB4: =IF('Mr. Akhilesh Kumar Srivastava'!W4="","",'Mr. Akhilesh Kumar Srivastava'!W4) | AC4: =IF(COUNT(X4:AB4)=0,"",SUM(X4:AB4)) | AD4: =IF(COUNT(M4,W4,AC4)=0,"",ROUND(SUM(M4,W4,AC4),2)) -> 28.2 | AE4: =IF(W4<>"","Yes","No") -> No | AF4: =IF(AC4<>"","Yes","No") -> No | AG4: =A4 -> P_001 | AH4: =B4 | AI4: =D4 -> Mr. Akhilesh Kumar Srivastava
E5: 2400320100439 | F5: Divyansh Chauhan | G5: =IFERROR(INDEX('Evaluation-1'!$N$6:$N$436,MATCH($A5&"|"&$E5,'Evaluation-1'!$P$6:$P$436,0)),IFERROR(INDEX('Evaluation-1'!$N$6:$N$436,MATCH($E5,'Evaluation-1'!$G$6:$G$436,0)),"")) -> 4.2 | H5: =IF('Mr. Akhilesh Kumar Srivastava'!F5="","",'Mr. Akhilesh Kumar Srivastava'!F5) | I5: =IF('Mr. Akhilesh Kumar Srivastava'!G5="","",'Mr. Akhilesh Kumar Srivastava'!G5) | J5: =IF('Mr. Akhilesh Kumar Srivastava'!H5="","",'Mr. Akhilesh Kumar Srivastava'!H5) | K5: =IF('Mr. Akhilesh Kumar Srivastava'!I5="","",'Mr. Akhilesh Kumar Srivastava'!I5) | L5: =IF(COUNT(H5:K5)=0,"",SUM(H5:K5)) | M5: =IF(COUNT(G5,L5)=0,"",ROUND(SUM(G5,L5),2)) -> 4.2 | N5: =IF($G5="","Not in Evaluation-1",IF(TRIM(LOWER(IFERROR(INDEX('Evaluation-1'!$H$6:$H$436,MATCH($A5&"|"&$E5,'Evaluation-1'!$P$6:$P$436,0)),INDEX('Evaluation-1'!$H$6:$H$436,MATCH($E5,'Evaluation-1'!$G$6:$G$436,0)))))=TRIM(LOWER($F5)),"OK","CHECK NAME")) -> OK | O5: =IF(C5<>"",C5,O4) -> Mr. Abhishek Yadav | P5: =IF(OR(ISNUMBER(IFERROR(INDEX('Evaluation-1'!$K$6:$K$436,MATCH($A5&"|"&$E5,'Evaluation-1'!$P$6:$P$436,0)),IFERROR(INDEX('Evaluation-1'!$K$6:$K$436,MATCH($E5,'Evaluation-1'!$G$6:$G$436,0)),""))),ISNUMBER(IFERROR(INDEX('Evaluation-1'!$L$6:$L$436,MATCH($A5&"|"&$E5,'Evaluation-1'!$P$6:$P$436,0)),IFERROR(INDEX('Evaluation-1'!$L$6:$L$436,MATCH($E5,'Evaluation-1'!$G$6:$G$436,0)),"")))),"Yes","No") -> Yes | Q5: =IF(L5<>"","Yes","No") -> No | R5: =IF('Mr. Akhilesh Kumar Srivastava'!M5="","",'Mr. Akhilesh Kumar Srivastava'!M5) | S5: =IF('Mr. Akhilesh Kumar Srivastava'!N5="","",'Mr. Akhilesh Kumar Srivastava'!N5) | T5: =IF('Mr. Akhilesh Kumar Srivastava'!O5="","",'Mr. Akhilesh Kumar Srivastava'!O5) | U5: =IF('Mr. Akhilesh Kumar Srivastava'!P5="","",'Mr. Akhilesh Kumar Srivastava'!P5) | V5: =IF('Mr. Akhilesh Kumar Srivastava'!Q5="","",'Mr. Akhilesh Kumar Srivastava'!Q5) | W5: =IF(COUNT(R5:V5)=0,"",SUM(R5:V5)) | X5: =IF('Mr. Akhilesh Kumar Srivastava'!S5="","",'Mr. Akhilesh Kumar Srivastava'!S5) | Y5: =IF('Mr. Akhilesh Kumar Srivastava'!T5="","",'Mr. Akhilesh Kumar Srivastava'!T5) | Z5: =IF('Mr. Akhilesh Kumar Srivastava'!U5="","",'Mr. Akhilesh Kumar Srivastava'!U5) | AA5: =IF('Mr. Akhilesh Kumar Srivastava'!V5="","",'Mr. Akhilesh Kumar Srivastava'!V5) | AB5: =IF('Mr. Akhilesh Kumar Srivastava'!W5="","",'Mr. Akhilesh Kumar Srivastava'!W5) | AC5: =IF(COUNT(X5:AB5)=0,"",SUM(X5:AB5)) | AD5: =IF(COUNT(M5,W5,AC5)=0,"",ROUND(SUM(M5,W5,AC5),2)) -> 4.2 | AE5: =IF(W5<>"","Yes","No") -> No | AF5: =IF(AC5<>"","Yes","No") -> No | AG5: =IF(A5<>"",A5,AG4) -> P_001 | AH5: =IF(B5<>"",B5,IF(A5<>"","",AH4)) | AI5: =IF(D5<>"",D5,AI4) -> Mr. Akhilesh Kumar Srivastava
E6: 2400320100486 | F6: Harsh Gupta | G6: =IFERROR(INDEX('Evaluation-1'!$N$6:$N$436,MATCH($A6&"|"&$E6,'Evaluation-1'!$P$6:$P$436,0)),IFERROR(INDEX('Evaluation-1'!$N$6:$N$436,MATCH($E6,'Evaluation-1'!$G$6:$G$436,0)),"")) -> 4.2 | H6: =IF('Mr. Akhilesh Kumar Srivastava'!F6="","",'Mr. Akhilesh Kumar Srivastava'!F6) | I6: =IF('Mr. Akhilesh Kumar Srivastava'!G6="","",'Mr. Akhilesh Kumar Srivastava'!G6) | J6: =IF('Mr. Akhilesh Kumar Srivastava'!H6="","",'Mr. Akhilesh Kumar Srivastava'!H6) | K6: =IF('Mr. Akhilesh Kumar Srivastava'!I6="","",'Mr. Akhilesh Kumar Srivastava'!I6) | L6: =IF(COUNT(H6:K6)=0,"",SUM(H6:K6)) | M6: =IF(COUNT(G6,L6)=0,"",ROUND(SUM(G6,L6),2)) -> 4.2 | N6: =IF($G6="","Not in Evaluation-1",IF(TRIM(LOWER(IFERROR(INDEX('Evaluation-1'!$H$6:$H$436,MATCH($A6&"|"&$E6,'Evaluation-1'!$P$6:$P$436,0)),INDEX('Evaluation-1'!$H$6:$H$436,MATCH($E6,'Evaluation-1'!$G$6:$G$436,0)))))=TRIM(LOWER($F6)),"OK","CHECK NAME")) -> OK | O6: =IF(C6<>"",C6,O5) -> Mr. Abhishek Yadav | P6: =IF(OR(ISNUMBER(IFERROR(INDEX('Evaluation-1'!$K$6:$K$436,MATCH($A6&"|"&$E6,'Evaluation-1'!$P$6:$P$436,0)),IFERROR(INDEX('Evaluation-1'!$K$6:$K$436,MATCH($E6,'Evaluation-1'!$G$6:$G$436,0)),""))),ISNUMBER(IFERROR(INDEX('Evaluation-1'!$L$6:$L$436,MATCH($A6&"|"&$E6,'Evaluation-1'!$P$6:$P$436,0)),IFERROR(INDEX('Evaluation-1'!$L$6:$L$436,MATCH($E6,'Evaluation-1'!$G$6:$G$436,0)),"")))),"Yes","No") -> Yes | Q6: =IF(L6<>"","Yes","No") -> No | R6: =IF('Mr. Akhilesh Kumar Srivastava'!M6="","",'Mr. Akhilesh Kumar Srivastava'!M6) | S6: =IF('Mr. Akhilesh Kumar Srivastava'!N6="","",'Mr. Akhilesh Kumar Srivastava'!N6) | T6: =IF('Mr. Akhilesh Kumar Srivastava'!O6="","",'Mr. Akhilesh Kumar Srivastava'!O6) | U6: =IF('Mr. Akhilesh Kumar Srivastava'!P6="","",'Mr. Akhilesh Kumar Srivastava'!P6) | V6: =IF('Mr. Akhilesh Kumar Srivastava'!Q6="","",'Mr. Akhilesh Kumar Srivastava'!Q6) | W6: =IF(COUNT(R6:V6)=0,"",SUM(R6:V6)) | X6: =IF('Mr. Akhilesh Kumar Srivastava'!S6="","",'Mr. Akhilesh Kumar Srivastava'!S6) | Y6: =IF('Mr. Akhilesh Kumar Srivastava'!T6="","",'Mr. Akhilesh Kumar Srivastava'!T6) | Z6: =IF('Mr. Akhilesh Kumar Srivastava'!U6="","",'Mr. Akhilesh Kumar Srivastava'!U6) | AA6: =IF('Mr. Akhilesh Kumar Srivastava'!V6="","",'Mr. Akhilesh Kumar Srivastava'!V6) | AB6: =IF('Mr. Akhilesh Kumar Srivastava'!W6="","",'Mr. Akhilesh Kumar Srivastava'!W6) | AC6: =IF(COUNT(X6:AB6)=0,"",SUM(X6:AB6)) | AD6: =IF(COUNT(M6,W6,AC6)=0,"",ROUND(SUM(M6,W6,AC6),2)) -> 4.2 | AE6: =IF(W6<>"","Yes","No") -> No | AF6: =IF(AC6<>"","Yes","No") -> No | AG6: =IF(A6<>"",A6,AG5) -> P_001 | AH6: =IF(B6<>"",B6,IF(A6<>"","",AH5)) | AI6: =IF(D6<>"",D6,AI5) -> Mr. Akhilesh Kumar Srivastava
E7: 2400320100769 | F7: Nitya Dutta | G7: =IFERROR(INDEX('Evaluation-1'!$N$6:$N$436,MATCH($A7&"|"&$E7,'Evaluation-1'!$P$6:$P$436,0)),IFERROR(INDEX('Evaluation-1'!$N$6:$N$436,MATCH($E7,'Evaluation-1'!$G$6:$G$436,0)),"")) -> 4.2 | H7: =IF('Mr. Akhilesh Kumar Srivastava'!F7="","",'Mr. Akhilesh Kumar Srivastava'!F7) | I7: =IF('Mr. Akhilesh Kumar Srivastava'!G7="","",'Mr. Akhilesh Kumar Srivastava'!G7) | J7: =IF('Mr. Akhilesh Kumar Srivastava'!H7="","",'Mr. Akhilesh Kumar Srivastava'!H7) | K7: =IF('Mr. Akhilesh Kumar Srivastava'!I7="","",'Mr. Akhilesh Kumar Srivastava'!I7) | L7: =IF(COUNT(H7:K7)=0,"",SUM(H7:K7)) | M7: =IF(COUNT(G7,L7)=0,"",ROUND(SUM(G7,L7),2)) -> 4.2 | N7: =IF($G7="","Not in Evaluation-1",IF(TRIM(LOWER(IFERROR(INDEX('Evaluation-1'!$H$6:$H$436,MATCH($A7&"|"&$E7,'Evaluation-1'!$P$6:$P$436,0)),INDEX('Evaluation-1'!$H$6:$H$436,MATCH($E7,'Evaluation-1'!$G$6:$G$436,0)))))=TRIM(LOWER($F7)),"OK","CHECK NAME")) -> OK | O7: =IF(C7<>"",C7,O6) -> Mr. Abhishek Yadav | P7: =IF(OR(ISNUMBER(IFERROR(INDEX('Evaluation-1'!$K$6:$K$436,MATCH($A7&"|"&$E7,'Evaluation-1'!$P$6:$P$436,0)),IFERROR(INDEX('Evaluation-1'!$K$6:$K$436,MATCH($E7,'Evaluation-1'!$G$6:$G$436,0)),""))),ISNUMBER(IFERROR(INDEX('Evaluation-1'!$L$6:$L$436,MATCH($A7&"|"&$E7,'Evaluation-1'!$P$6:$P$436,0)),IFERROR(INDEX('Evaluation-1'!$L$6:$L$436,MATCH($E7,'Evaluation-1'!$G$6:$G$436,0)),"")))),"Yes","No") -> Yes | Q7: =IF(L7<>"","Yes","No") -> No | R7: =IF('Mr. Akhilesh Kumar Srivastava'!M7="","",'Mr. Akhilesh Kumar Srivastava'!M7) | S7: =IF('Mr. Akhilesh Kumar Srivastava'!N7="","",'Mr. Akhilesh Kumar Srivastava'!N7) | T7: =IF('Mr. Akhilesh Kumar Srivastava'!O7="","",'Mr. Akhilesh Kumar Srivastava'!O7) | U7: =IF('Mr. Akhilesh Kumar Srivastava'!P7="","",'Mr. Akhilesh Kumar Srivastava'!P7) | V7: =IF('Mr. Akhilesh Kumar Srivastava'!Q7="","",'Mr. Akhilesh Kumar Srivastava'!Q7) | W7: =IF(COUNT(R7:V7)=0,"",SUM(R7:V7)) | X7: =IF('Mr. Akhilesh Kumar Srivastava'!S7="","",'Mr. Akhilesh Kumar Srivastava'!S7) | Y7: =IF('Mr. Akhilesh Kumar Srivastava'!T7="","",'Mr. Akhilesh Kumar Srivastava'!T7) | Z7: =IF('Mr. Akhilesh Kumar Srivastava'!U7="","",'Mr. Akhilesh Kumar Srivastava'!U7) | AA7: =IF('Mr. Akhilesh Kumar Srivastava'!V7="","",'Mr. Akhilesh Kumar Srivastava'!V7) | AB7: =IF('Mr. Akhilesh Kumar Srivastava'!W7="","",'Mr. Akhilesh Kumar Srivastava'!W7) | AC7: =IF(COUNT(X7:AB7)=0,"",SUM(X7:AB7)) | AD7: =IF(COUNT(M7,W7,AC7)=0,"",ROUND(SUM(M7,W7,AC7),2)) -> 4.2 | AE7: =IF(W7<>"","Yes","No") -> No | AF7: =IF(AC7<>"","Yes","No") -> No | AG7: =IF(A7<>"",A7,AG6) -> P_001 | AH7: =IF(B7<>"",B7,IF(A7<>"","",AH6)) | AI7: =IF(D7<>"",D7,AI6) -> Mr. Akhilesh Kumar Srivastava
A8: P_002 | B8: =IF('Mr. Akhilesh Kumar Srivastava'!B8="","",'Mr. Akhilesh Kumar Srivastava'!B8) | E8: 2400320100468 | F8: Gaurav singh | G8: =IFERROR(INDEX('Evaluation-1'!$N$6:$N$436,MATCH($A8&"|"&$E8,'Evaluation-1'!$P$6:$P$436,0)),IFERROR(INDEX('Evaluation-1'!$N$6:$N$436,MATCH($E8,'Evaluation-1'!$G$6:$G$436,0)),"")) -> 4.2 | H8: =IF('Mr. Akhilesh Kumar Srivastava'!F8="","",'Mr. Akhilesh Kumar Srivastava'!F8) | I8: =IF('Mr. Akhilesh Kumar Srivastava'!G8="","",'Mr. Akhilesh Kumar Srivastava'!G8) | J8: =IF('Mr. Akhilesh Kumar Srivastava'!H8="","",'Mr. Akhilesh Kumar Srivastava'!H8) | K8: =IF('Mr. Akhilesh Kumar Srivastava'!I8="","",'Mr. Akhilesh Kumar Srivastava'!I8) | L8: =IF(COUNT(H8:K8)=0,"",SUM(H8:K8)) | M8: =IF(COUNT(G8,L8)=0,"",ROUND(SUM(G8,L8),2)) -> 4.2 | N8: =IF($G8="","Not in Evaluation-1",IF(TRIM(LOWER(IFERROR(INDEX('Evaluation-1'!$H$6:$H$436,MATCH($A8&"|"&$E8,'Evaluation-1'!$P$6:$P$436,0)),INDEX('Evaluation-1'!$H$6:$H$436,MATCH($E8,'Evaluation-1'!$G$6:$G$436,0)))))=TRIM(LOWER($F8)),"OK","CHECK NAME")) -> OK | O8: =IF(C8<>"",C8,O7) -> Mr. Abhishek Yadav | P8: =IF(OR(ISNUMBER(IFERROR(INDEX('Evaluation-1'!$K$6:$K$436,MATCH($A8&"|"&$E8,'Evaluation-1'!$P$6:$P$436,0)),IFERROR(INDEX('Evaluation-1'!$K$6:$K$436,MATCH($E8,'Evaluation-1'!$G$6:$G$436,0)),""))),ISNUMBER(IFERROR(INDEX('Evaluation-1'!$L$6:$L$436,MATCH($A8&"|"&$E8,'Evaluation-1'!$P$6:$P$436,0)),IFERROR(INDEX('Evaluation-1'!$L$6:$L$436,MATCH($E8,'Evaluation-1'!$G$6:$G$436,0)),"")))),"Yes","No") -> Yes | Q8: =IF(L8<>"","Yes","No") -> No | R8: =IF('Mr. Akhilesh Kumar Srivastava'!M8="","",'Mr. Akhilesh Kumar Srivastava'!M8) | S8: =IF('Mr. Akhilesh Kumar Srivastava'!N8="","",'Mr. Akhilesh Kumar Srivastava'!N8) | T8: =IF('Mr. Akhilesh Kumar Srivastava'!O8="","",'Mr. Akhilesh Kumar Srivastava'!O8) | U8: =IF('Mr. Akhilesh Kumar Srivastava'!P8="","",'Mr. Akhilesh Kumar Srivastava'!P8) | V8: =IF('Mr. Akhilesh Kumar Srivastava'!Q8="","",'Mr. Akhilesh Kumar Srivastava'!Q8) | W8: =IF(COUNT(R8:V8)=0,"",SUM(R8:V8)) | X8: =IF('Mr. Akhilesh Kumar Srivastava'!S8="","",'Mr. Akhilesh Kumar Srivastava'!S8) | Y8: =IF('Mr. Akhilesh Kumar Srivastava'!T8="","",'Mr. Akhilesh Kumar Srivastava'!T8) | Z8: =IF('Mr. Akhilesh Kumar Srivastava'!U8="","",'Mr. Akhilesh Kumar Srivastava'!U8) | AA8: =IF('Mr. Akhilesh Kumar Srivastava'!V8="","",'Mr. Akhilesh Kumar Srivastava'!V8) | AB8: =IF('Mr. Akhilesh Kumar Srivastava'!W8="","",'Mr. Akhilesh Kumar Srivastava'!W8) | AC8: =IF(COUNT(X8:AB8)=0,"",SUM(X8:AB8)) | AD8: =IF(COUNT(M8,W8,AC8)=0,"",ROUND(SUM(M8,W8,AC8),2)) -> 4.2 | AE8: =IF(W8<>"","Yes","No") -> No | AF8: =IF(AC8<>"","Yes","No") -> No | AG8: =IF(A8<>"",A8,AG7) -> P_002 | AH8: =IF(B8<>"",B8,IF(A8<>"","",AH7)) | AI8: =IF(D8<>"",D8,AI7) -> Mr. Akhilesh Kumar Srivastava
E9: 2400320100564 | F9: Karn singh | G9: =IFERROR(INDEX('Evaluation-1'!$N$6:$N$436,MATCH($A9&"|"&$E9,'Evaluation-1'!$P$6:$P$436,0)),IFERROR(INDEX('Evaluation-1'!$N$6:$N$436,MATCH($E9,'Evaluation-1'!$G$6:$G$436,0)),"")) -> 4.2 | H9: =IF('Mr. Akhilesh Kumar Srivastava'!F9="","",'Mr. Akhilesh Kumar Srivastava'!F9) | I9: =IF('Mr. Akhilesh Kumar Srivastava'!G9="","",'Mr. Akhilesh Kumar Srivastava'!G9) | J9: =IF('Mr. Akhilesh Kumar Srivastava'!H9="","",'Mr. Akhilesh Kumar Srivastava'!H9) | K9: =IF('Mr. Akhilesh Kumar Srivastava'!I9="","",'Mr. Akhilesh Kumar Srivastava'!I9) | L9: =IF(COUNT(H9:K9)=0,"",SUM(H9:K9)) | M9: =IF(COUNT(G9,L9)=0,"",ROUND(SUM(G9,L9),2)) -> 4.2 | N9: =IF($G9="","Not in Evaluation-1",IF(TRIM(LOWER(IFERROR(INDEX('Evaluation-1'!$H$6:$H$436,MATCH($A9&"|"&$E9,'Evaluation-1'!$P$6:$P$436,0)),INDEX('Evaluation-1'!$H$6:$H$436,MATCH($E9,'Evaluation-1'!$G$6:$G$436,0)))))=TRIM(LOWER($F9)),"OK","CHECK NAME")) -> OK | O9: =IF(C9<>"",C9,O8) -> Mr. Abhishek Yadav | P9: =IF(OR(ISNUMBER(IFERROR(INDEX('Evaluation-1'!$K$6:$K$436,MATCH($A9&"|"&$E9,'Evaluation-1'!$P$6:$P$436,0)),IFERROR(INDEX('Evaluation-1'!$K$6:$K$436,MATCH($E9,'Evaluation-1'!$G$6:$G$436,0)),""))),ISNUMBER(IFERROR(INDEX('Evaluation-1'!$L$6:$L$436,MATCH($A9&"|"&$E9,'Evaluation-1'!$P$6:$P$436,0)),IFERROR(INDEX('Evaluation-1'!$L$6:$L$436,MATCH($E9,'Evaluation-1'!$G$6:$G$436,0)),"")))),"Yes","No") -> Yes | Q9: =IF(L9<>"","Yes","No") -> No | R9: =IF('Mr. Akhilesh Kumar Srivastava'!M9="","",'Mr. Akhilesh Kumar Srivastava'!M9) | S9: =IF('Mr. Akhilesh Kumar Srivastava'!N9="","",'Mr. Akhilesh Kumar Srivastava'!N9) | T9: =IF('Mr. Akhilesh Kumar Srivastava'!O9="","",'Mr. Akhilesh Kumar Srivastava'!O9) | U9: =IF('Mr. Akhilesh Kumar Srivastava'!P9="","",'Mr. Akhilesh Kumar Srivastava'!P9) | V9: =IF('Mr. Akhilesh Kumar Srivastava'!Q9="","",'Mr. Akhilesh Kumar Srivastava'!Q9) | W9: =IF(COUNT(R9:V9)=0,"",SUM(R9:V9)) | X9: =IF('Mr. Akhilesh Kumar Srivastava'!S9="","",'Mr. Akhilesh Kumar Srivastava'!S9) | Y9: =IF('Mr. Akhilesh Kumar Srivastava'!T9="","",'Mr. Akhilesh Kumar Srivastava'!T9) | Z9: =IF('Mr. Akhilesh Kumar Srivastava'!U9="","",'Mr. Akhilesh Kumar Srivastava'!U9) | AA9: =IF('Mr. Akhilesh Kumar Srivastava'!V9="","",'Mr. Akhilesh Kumar Srivastava'!V9) | AB9: =IF('Mr. Akhilesh Kumar Srivastava'!W9="","",'Mr. Akhilesh Kumar Srivastava'!W9) | AC9: =IF(COUNT(X9:AB9)=0,"",SUM(X9:AB9)) | AD9: =IF(COUNT(M9,W9,AC9)=0,"",ROUND(SUM(M9,W9,AC9),2)) -> 4.2 | AE9: =IF(W9<>"","Yes","No") -> No | AF9: =IF(AC9<>"","Yes","No") -> No | AG9: =IF(A9<>"",A9,AG8) -> P_002 | AH9: =IF(B9<>"",B9,IF(A9<>"","",AH8)) | AI9: =IF(D9<>"",D9,AI8) -> Mr. Akhilesh Kumar Srivastava
E10: 2400320100566 | F10: Kartik Bharadwaj | G10: =IFERROR(INDEX('Evaluation-1'!$N$6:$N$436,MATCH($A10&"|"&$E10,'Evaluation-1'!$P$6:$P$436,0)),IFERROR(INDEX('Evaluation-1'!$N$6:$N$436,MATCH($E10,'Evaluation-1'!$G$6:$G$436,0)),"")) -> 4.2 | H10: =IF('Mr. Akhilesh Kumar Srivastava'!F10="","",'Mr. Akhilesh Kumar Srivastava'!F10) | I10: =IF('Mr. Akhilesh Kumar Srivastava'!G10="","",'Mr. Akhilesh Kumar Srivastava'!G10) | J10: =IF('Mr. Akhilesh Kumar Srivastava'!H10="","",'Mr. Akhilesh Kumar Srivastava'!H10) | K10: =IF('Mr. Akhilesh Kumar Srivastava'!I10="","",'Mr. Akhilesh Kumar Srivastava'!I10) | L10: =IF(COUNT(H10:K10)=0,"",SUM(H10:K10)) | M10: =IF(COUNT(G10,L10)=0,"",ROUND(SUM(G10,L10),2)) -> 4.2 | N10: =IF($G10="","Not in Evaluation-1",IF(TRIM(LOWER(IFERROR(INDEX('Evaluation-1'!$H$6:$H$436,MATCH($A10&"|"&$E10,'Evaluation-1'!$P$6:$P$436,0)),INDEX('Evaluation-1'!$H$6:$H$436,MATCH($E10,'Evaluation-1'!$G$6:$G$436,0)))))=TRIM(LOWER($F10)),"OK","CHECK NAME")) -> OK | O10: =IF(C10<>"",C10,O9) -> Mr. Abhishek Yadav | P10: =IF(OR(ISNUMBER(IFERROR(INDEX('Evaluation-1'!$K$6:$K$436,MATCH($A10&"|"&$E10,'Evaluation-1'!$P$6:$P$436,0)),IFERROR(INDEX('Evaluation-1'!$K$6:$K$436,MATCH($E10,'Evaluation-1'!$G$6:$G$436,0)),""))),ISNUMBER(IFERROR(INDEX('Evaluation-1'!$L$6:$L$436,MATCH($A10&"|"&$E10,'Evaluation-1'!$P$6:$P$436,0)),IFERROR(INDEX('Evaluation-1'!$L$6:$L$436,MATCH($E10,'Evaluation-1'!$G$6:$G$436,0)),"")))),"Yes","No") -> Yes | Q10: =IF(L10<>"","Yes","No") -> No | R10: =IF('Mr. Akhilesh Kumar Srivastava'!M10="","",'Mr. Akhilesh Kumar Srivastava'!M10) | S10: =IF('Mr. Akhilesh Kumar Srivastava'!N10="","",'Mr. Akhilesh Kumar Srivastava'!N10) | T10: =IF('Mr. Akhilesh Kumar Srivastava'!O10="","",'Mr. Akhilesh Kumar Srivastava'!O10) | U10: =IF('Mr. Akhilesh Kumar Srivastava'!P10="","",'Mr. Akhilesh Kumar Srivastava'!P10) | V10: =IF('Mr. Akhilesh Kumar Srivastava'!Q10="","",'Mr. Akhilesh Kumar Srivastava'!Q10) | W10: =IF(COUNT(R10:V10)=0,"",SUM(R10:V10)) | X10: =IF('Mr. Akhilesh Kumar Srivastava'!S10="","",'Mr. Akhilesh Kumar Srivastava'!S10) | Y10: =IF('Mr. Akhilesh Kumar Srivastava'!T10="","",'Mr. Akhilesh Kumar Srivastava'!T10) | Z10: =IF('Mr. Akhilesh Kumar Srivastava'!U10="","",'Mr. Akhilesh Kumar Srivastava'!U10) | AA10: =IF('Mr. Akhilesh Kumar Srivastava'!V10="","",'Mr. Akhilesh Kumar Srivastava'!V10) | AB10: =IF('Mr. Akhilesh Kumar Srivastava'!W10="","",'Mr. Akhilesh Kumar Srivastava'!W10) | AC10: =IF(COUNT(X10:AB10)=0,"",SUM(X10:AB10)) | AD10: =IF(COUNT(M10,W10,AC10)=0,"",ROUND(SUM(M10,W10,AC10),2)) -> 4.2 | AE10: =IF(W10<>"","Yes","No") -> No | AF10: =IF(AC10<>"","Yes","No") -> No | AG10: =IF(A10<>"",A10,AG9) -> P_002 | AH10: =IF(B10<>"",B10,IF(A10<>"","",AH9)) | AI10: =IF(D10<>"",D10,AI9) -> Mr. Akhilesh Kumar Srivastava
E11: 2400320100547 | F11: Jay Prakash Yadav | G11: =IFERROR(INDEX('Evaluation-1'!$N$6:$N$436,MATCH($A11&"|"&$E11,'Evaluation-1'!$P$6:$P$436,0)),IFERROR(INDEX('Evaluation-1'!$N$6:$N$436,MATCH($E11,'Evaluation-1'!$G$6:$G$436,0)),"")) -> 4.2 | H11: =IF('Mr. Akhilesh Kumar Srivastava'!F11="","",'Mr. Akhilesh Kumar Srivastava'!F11) | I11: =IF('Mr. Akhilesh Kumar Srivastava'!G11="","",'Mr. Akhilesh Kumar Srivastava'!G11) | J11: =IF('Mr. Akhilesh Kumar Srivastava'!H11="","",'Mr. Akhilesh Kumar Srivastava'!H11) | K11: =IF('Mr. Akhilesh Kumar Srivastava'!I11="","",'Mr. Akhilesh Kumar Srivastava'!I11) | L11: =IF(COUNT(H11:K11)=0,"",SUM(H11:K11)) | M11: =IF(COUNT(G11,L11)=0,"",ROUND(SUM(G11,L11),2)) -> 4.2 | N11: =IF($G11="","Not in Evaluation-1",IF(TRIM(LOWER(IFERROR(INDEX('Evaluation-1'!$H$6:$H$436,MATCH($A11&"|"&$E11,'Evaluation-1'!$P$6:$P$436,0)),INDEX('Evaluation-1'!$H$6:$H$436,MATCH($E11,'Evaluation-1'!$G$6:$G$436,0)))))=TRIM(LOWER($F11)),"OK","CHECK NAME")) -> OK | O11: =IF(C11<>"",C11,O10) -> Mr. Abhishek Yadav | P11: =IF(OR(ISNUMBER(IFERROR(INDEX('Evaluation-1'!$K$6:$K$436,MATCH($A11&"|"&$E11,'Evaluation-1'!$P$6:$P$436,0)),IFERROR(INDEX('Evaluation-1'!$K$6:$K$436,MATCH($E11,'Evaluation-1'!$G$6:$G$436,0)),""))),ISNUMBER(IFERROR(INDEX('Evaluation-1'!$L$6:$L$436,MATCH($A11&"|"&$E11,'Evaluation-1'!$P$6:$P$436,0)),IFERROR(INDEX('Evaluation-1'!$L$6:$L$436,MATCH($E11,'Evaluation-1'!$G$6:$G$436,0)),"")))),"Yes","No") -> Yes | Q11: =IF(L11<>"","Yes","No") -> No | R11: =IF('Mr. Akhilesh Kumar Srivastava'!M11="","",'Mr. Akhilesh Kumar Srivastava'!M11) | S11: =IF('Mr. Akhilesh Kumar Srivastava'!N11="","",'Mr. Akhilesh Kumar Srivastava'!N11) | T11: =IF('Mr. Akhilesh Kumar Srivastava'!O11="","",'Mr. Akhilesh Kumar Srivastava'!O11) | U11: =IF('Mr. Akhilesh Kumar Srivastava'!P11="","",'Mr. Akhilesh Kumar Srivastava'!P11) | V11: =IF('Mr. Akhilesh Kumar Srivastava'!Q11="","",'Mr. Akhilesh Kumar Srivastava'!Q11) | W11: =IF(COUNT(R11:V11)=0,"",SUM(R11:V11)) | X11: =IF('Mr. Akhilesh Kumar Srivastava'!S11="","",'Mr. Akhilesh Kumar Srivastava'!S11) | Y11: =IF('Mr. Akhilesh Kumar Srivastava'!T11="","",'Mr. Akhilesh Kumar Srivastava'!T11) | Z11: =IF('Mr. Akhilesh Kumar Srivastava'!U11="","",'Mr. Akhilesh Kumar Srivastava'!U11) | AA11: =IF('Mr. Akhilesh Kumar Srivastava'!V11="","",'Mr. Akhilesh Kumar Srivastava'!V11) | AB11: =IF('Mr. Akhilesh Kumar Srivastava'!W11="","",'Mr. Akhilesh Kumar Srivastava'!W11) | AC11: =IF(COUNT(X11:AB11)=0,"",SUM(X11:AB11)) | AD11: =IF(COUNT(M11,W11,AC11)=0,"",ROUND(SUM(M11,W11,AC11),2)) -> 4.2 | AE11: =IF(W11<>"","Yes","No") -> No | AF11: =IF(AC11<>"","Yes","No") -> No | AG11: =IF(A11<>"",A11,AG10) -> P_002 | AH11: =IF(B11<>"",B11,IF(A11<>"","",AH10)) | AI11: =IF(D11<>"",D11,AI10) -> Mr. Akhilesh Kumar Srivastava
A12: P_003 | B12: =IF('Mr. Akhilesh Kumar Srivastava'!B12="","",'Mr. Akhilesh Kumar Srivastava'!B12) | E12: 2400320100866 | F12: Pushkar Khandelwal | G12: =IFERROR(INDEX('Evaluation-1'!$N$6:$N$436,MATCH($A12&"|"&$E12,'Evaluation-1'!$P$6:$P$436,0)),IFERROR(INDEX('Evaluation-1'!$N$6:$N$436,MATCH($E12,'Evaluation-1'!$G$6:$G$436,0)),"")) -> 4.8 | H12: =IF('Mr. Akhilesh Kumar Srivastava'!F12="","",'Mr. Akhilesh Kumar Srivastava'!F12) | I12: =IF('Mr. Akhilesh Kumar Srivastava'!G12="","",'Mr. Akhilesh Kumar Srivastava'!G12) | J12: =IF('Mr. Akhilesh Kumar Srivastava'!H12="","",'Mr. Akhilesh Kumar Srivastava'!H12) | K12: =IF('Mr. Akhilesh Kumar Srivastava'!I12="","",'Mr. Akhilesh Kumar Srivastava'!I12) | L12: =IF(COUNT(H12:K12)=0,"",SUM(H12:K12)) | M12: =IF(COUNT(G12,L12)=0,"",ROUND(SUM(G12,L12),2)) -> 4.8 | N12: =IF($G12="","Not in Evaluation-1",IF(TRIM(LOWER(IFERROR(INDEX('Evaluation-1'!$H$6:$H$436,MATCH($A12&"|"&$E12,'Evaluation-1'!$P$6:$P$436,0)),INDEX('Evaluation-1'!$H$6:$H$436,MATCH($E12,'Evaluation-1'!$G$6:$G$436,0)))))=TRIM(LOWER($F12)),"OK","CHECK NAME")) -> OK | O12: =IF(C12<>"",C12,O11) -> Mr. Abhishek Yadav | P12: =IF(OR(ISNUMBER(IFERROR(INDEX('Evaluation-1'!$K$6:$K$436,MATCH($A12&"|"&$E12,'Evaluation-1'!$P$6:$P$436,0)),IFERROR(INDEX('Evaluation-1'!$K$6:$K$436,MATCH($E12,'Evaluation-1'!$G$6:$G$436,0)),""))),ISNUMBER(IFERROR(INDEX('Evaluation-1'!$L$6:$L$436,MATCH($A12&"|"&$E12,'Evaluation-1'!$P$6:$P$436,0)),IFERROR(INDEX('Evaluation-1'!$L$6:$L$436,MATCH($E12,'Evaluation-1'!$G$6:$G$436,0)),"")))),"Yes","No") -> Yes | Q12: =IF(L12<>"","Yes","No") -> No | R12: =IF('Mr. Akhilesh Kumar Srivastava'!M12="","",'Mr. Akhilesh Kumar Srivastava'!M12) | S12: =IF('Mr. Akhilesh Kumar Srivastava'!N12="","",'Mr. Akhilesh Kumar Srivastava'!N12) | T12: =IF('Mr. Akhilesh Kumar Srivastava'!O12="","",'Mr. Akhilesh Kumar Srivastava'!O12) | U12: =IF('Mr. Akhilesh Kumar Srivastava'!P12="","",'Mr. Akhilesh Kumar Srivastava'!P12) | V12: =IF('Mr. Akhilesh Kumar Srivastava'!Q12="","",'Mr. Akhilesh Kumar Srivastava'!Q12) | W12: =IF(COUNT(R12:V12)=0,"",SUM(R12:V12)) | X12: =IF('Mr. Akhilesh Kumar Srivastava'!S12="","",'Mr. Akhilesh Kumar Srivastava'!S12) | Y12: =IF('Mr. Akhilesh Kumar Srivastava'!T12="","",'Mr. Akhilesh Kumar Srivastava'!T12) | Z12: =IF('Mr. Akhilesh Kumar Srivastava'!U12="","",'Mr. Akhilesh Kumar Srivastava'!U12) | AA12: =IF('Mr. Akhilesh Kumar Srivastava'!V12="","",'Mr. Akhilesh Kumar Srivastava'!V12) | AB12: =IF('Mr. Akhilesh Kumar Srivastava'!W12="","",'Mr. Akhilesh Kumar Srivastava'!W12) | AC12: =IF(COUNT(X12:AB12)=0,"",SUM(X12:AB12)) | AD12: =IF(COUNT(M12,W12,AC12)=0,"",ROUND(SUM(M12,W12,AC12),2)) -> 4.8 | AE12: =IF(W12<>"","Yes","No") -> No | AF12: =IF(AC12<>"","Yes","No") -> No | AG12: =IF(A12<>"",A12,AG11) -> P_003 | AH12: =IF(B12<>"",B12,IF(A12<>"","",AH11)) | AI12: =IF(D12<>"",D12,AI11) -> Mr. Akhilesh Kumar Srivastava
E13: 2400320100788 | F13: Parth Gupta | G13: =IFERROR(INDEX('Evaluation-1'!$N$6:$N$436,MATCH($A13&"|"&$E13,'Evaluation-1'!$P$6:$P$436,0)),IFERROR(INDEX('Evaluation-1'!$N$6:$N$436,MATCH($E13,'Evaluation-1'!$G$6:$G$436,0)),"")) -> 4.8 | H13: =IF('Mr. Akhilesh Kumar Srivastava'!F13="","",'Mr. Akhilesh Kumar Srivastava'!F13) | I13: =IF('Mr. Akhilesh Kumar Srivastava'!G13="","",'Mr. Akhilesh Kumar Srivastava'!G13) | J13: =IF('Mr. Akhilesh Kumar Srivastava'!H13="","",'Mr. Akhilesh Kumar Srivastava'!H13) | K13: =IF('Mr. Akhilesh Kumar Srivastava'!I13="","",'Mr. Akhilesh Kumar Srivastava'!I13) | L13: =IF(COUNT(H13:K13)=0,"",SUM(H13:K13)) | M13: =IF(COUNT(G13,L13)=0,"",ROUND(SUM(G13,L13),2)) -> 4.8 | N13: =IF($G13="","Not in Evaluation-1",IF(TRIM(LOWER(IFERROR(INDEX('Evaluation-1'!$H$6:$H$436,MATCH($A13&"|"&$E13,'Evaluation-1'!$P$6:$P$436,0)),INDEX('Evaluation-1'!$H$6:$H$436,MATCH($E13,'Evaluation-1'!$G$6:$G$436,0)))))=TRIM(LOWER($F13)),"OK","CHECK NAME")) -> OK | O13: =IF(C13<>"",C13,O12) -> Mr. Abhishek Yadav | P13: =IF(OR(ISNUMBER(IFERROR(INDEX('Evaluation-1'!$K$6:$K$436,MATCH($A13&"|"&$E13,'Evaluation-1'!$P$6:$P$436,0)),IFERROR(INDEX('Evaluation-1'!$K$6:$K$436,MATCH($E13,'Evaluation-1'!$G$6:$G$436,0)),""))),ISNUMBER(IFERROR(INDEX('Evaluation-1'!$L$6:$L$436,MATCH($A13&"|"&$E13,'Evaluation-1'!$P$6:$P$436,0)),IFERROR(INDEX('Evaluation-1'!$L$6:$L$436,MATCH($E13,'Evaluation-1'!$G$6:$G$436,0)),"")))),"Yes","No") -> Yes | Q13: =IF(L13<>"","Yes","No") -> No | R13: =IF('Mr. Akhilesh Kumar Srivastava'!M13="","",'Mr. Akhilesh Kumar Srivastava'!M13) | S13: =IF('Mr. Akhilesh Kumar Srivastava'!N13="","",'Mr. Akhilesh Kumar Srivastava'!N13) | T13: =IF('Mr. Akhilesh Kumar Srivastava'!O13="","",'Mr. Akhilesh Kumar Srivastava'!O13) | U13: =IF('Mr. Akhilesh Kumar Srivastava'!P13="","",'Mr. Akhilesh Kumar Srivastava'!P13) | V13: =IF('Mr. Akhilesh Kumar Srivastava'!Q13="","",'Mr. Akhilesh Kumar Srivastava'!Q13) | W13: =IF(COUNT(R13:V13)=0,"",SUM(R13:V13)) | X13: =IF('Mr. Akhilesh Kumar Srivastava'!S13="","",'Mr. Akhilesh Kumar Srivastava'!S13) | Y13: =IF('Mr. Akhilesh Kumar Srivastava'!T13="","",'Mr. Akhilesh Kumar Srivastava'!T13) | Z13: =IF('Mr. Akhilesh Kumar Srivastava'!U13="","",'Mr. Akhilesh Kumar Srivastava'!U13) | AA13: =IF('Mr. Akhilesh Kumar Srivastava'!V13="","",'Mr. Akhilesh Kumar Srivastava'!V13) | AB13: =IF('Mr. Akhilesh Kumar Srivastava'!W13="","",'Mr. Akhilesh Kumar Srivastava'!W13) | AC13: =IF(COUNT(X13:AB13)=0,"",SUM(X13:AB13)) | AD13: =IF(COUNT(M13,W13,AC13)=0,"",ROUND(SUM(M13,W13,AC13),2)) -> 4.8 | AE13: =IF(W13<>"","Yes","No") -> No | AF13: =IF(AC13<>"","Yes","No") -> No | AG13: =IF(A13<>"",A13,AG12) -> P_003 | AH13: =IF(B13<>"",B13,IF(A13<>"","",AH12)) | AI13: =IF(D13<>"",D13,AI12) -> Mr. Akhilesh Kumar Srivastava
E14: 2400320100764 | F14: Nitin Chauhan | G14: =IFERROR(INDEX('Evaluation-1'!$N$6:$N$436,MATCH($A14&"|"&$E14,'Evaluation-1'!$P$6:$P$436,0)),IFERROR(INDEX('Evaluation-1'!$N$6:$N$436,MATCH($E14,'Evaluation-1'!$G$6:$G$436,0)),"")) -> 4.8 | H14: =IF('Mr. Akhilesh Kumar Srivastava'!F14="","",'Mr. Akhilesh Kumar Srivastava'!F14) | I14: =IF('Mr. Akhilesh Kumar Srivastava'!G14="","",'Mr. Akhilesh Kumar Srivastava'!G14) | J14: =IF('Mr. Akhilesh Kumar Srivastava'!H14="","",'Mr. Akhilesh Kumar Srivastava'!H14) | K14: =IF('Mr. Akhilesh Kumar Srivastava'!I14="","",'Mr. Akhilesh Kumar Srivastava'!I14) | L14: =IF(COUNT(H14:K14)=0,"",SUM(H14:K14)) | M14: =IF(COUNT(G14,L14)=0,"",ROUND(SUM(G14,L14),2)) -> 4.8 | N14: =IF($G14="","Not in Evaluation-1",IF(TRIM(LOWER(IFERROR(INDEX('Evaluation-1'!$H$6:$H$436,MATCH($A14&"|"&$E14,'Evaluation-1'!$P$6:$P$436,0)),INDEX('Evaluation-1'!$H$6:$H$436,MATCH($E14,'Evaluation-1'!$G$6:$G$436,0)))))=TRIM(LOWER($F14)),"OK","CHECK NAME")) -> OK | O14: =IF(C14<>"",C14,O13) -> Mr. Abhishek Yadav | P14: =IF(OR(ISNUMBER(IFERROR(INDEX('Evaluation-1'!$K$6:$K$436,MATCH($A14&"|"&$E14,'Evaluation-1'!$P$6:$P$436,0)),IFERROR(INDEX('Evaluation-1'!$K$6:$K$436,MATCH($E14,'Evaluation-1'!$G$6:$G$436,0)),""))),ISNUMBER(IFERROR(INDEX('Evaluation-1'!$L$6:$L$436,MATCH($A14&"|"&$E14,'Evaluation-1'!$P$6:$P$436,0)),IFERROR(INDEX('Evaluation-1'!$L$6:$L$436,MATCH($E14,'Evaluation-1'!$G$6:$G$436,0)),"")))),"Yes","No") -> Yes | Q14: =IF(L14<>"","Yes","No") -> No | R14: =IF('Mr. Akhilesh Kumar Srivastava'!M14="","",'Mr. Akhilesh Kumar Srivastava'!M14) | S14: =IF('Mr. Akhilesh Kumar Srivastava'!N14="","",'Mr. Akhilesh Kumar Srivastava'!N14) | T14: =IF('Mr. Akhilesh Kumar Srivastava'!O14="","",'Mr. Akhilesh Kumar Srivastava'!O14) | U14: =IF('Mr. Akhilesh Kumar Srivastava'!P14="","",'Mr. Akhilesh Kumar Srivastava'!P14) | V14: =IF('Mr. Akhilesh Kumar Srivastava'!Q14="","",'Mr. Akhilesh Kumar Srivastava'!Q14) | W14: =IF(COUNT(R14:V14)=0,"",SUM(R14:V14)) | X14: =IF('Mr. Akhilesh Kumar Srivastava'!S14="","",'Mr. Akhilesh Kumar Srivastava'!S14) | Y14: =IF('Mr. Akhilesh Kumar Srivastava'!T14="","",'Mr. Akhilesh Kumar Srivastava'!T14) | Z14: =IF('Mr. Akhilesh Kumar Srivastava'!U14="","",'Mr. Akhilesh Kumar Srivastava'!U14) | AA14: =IF('Mr. Akhilesh Kumar Srivastava'!V14="","",'Mr. Akhilesh Kumar Srivastava'!V14) | AB14: =IF('Mr. Akhilesh Kumar Srivastava'!W14="","",'Mr. Akhilesh Kumar Srivastava'!W14) | AC14: =IF(COUNT(X14:AB14)=0,"",SUM(X14:AB14)) | AD14: =IF(COUNT(M14,W14,AC14)=0,"",ROUND(SUM(M14,W14,AC14),2)) -> 4.8 | AE14: =IF(W14<>"","Yes","No") -> No | AF14: =IF(AC14<>"","Yes","No") -> No | AG14: =IF(A14<>"",A14,AG13) -> P_003 | AH14: =IF(B14<>"",B14,IF(A14<>"","",AH13)) | AI14: =IF(D14<>"",D14,AI13) -> Mr. Akhilesh Kumar Srivastava
E15: 2400320100865 | F15: Pushkar Goel | G15: =IFERROR(INDEX('Evaluation-1'!$N$6:$N$436,MATCH($A15&"|"&$E15,'Evaluation-1'!$P$6:$P$436,0)),IFERROR(INDEX('Evaluation-1'!$N$6:$N$436,MATCH($E15,'Evaluation-1'!$G$6:$G$436,0)),"")) -> 4.8 | H15: =IF('Mr. Akhilesh Kumar Srivastava'!F15="","",'Mr. Akhilesh Kumar Srivastava'!F15) | I15: =IF('Mr. Akhilesh Kumar Srivastava'!G15="","",'Mr. Akhilesh Kumar Srivastava'!G15) | J15: =IF('Mr. Akhilesh Kumar Srivastava'!H15="","",'Mr. Akhilesh Kumar Srivastava'!H15) | K15: =IF('Mr. Akhilesh Kumar Srivastava'!I15="","",'Mr. Akhilesh Kumar Srivastava'!I15) | L15: =IF(COUNT(H15:K15)=0,"",SUM(H15:K15)) | M15: =IF(COUNT(G15,L15)=0,"",ROUND(SUM(G15,L15),2)) -> 4.8 | N15: =IF($G15="","Not in Evaluation-1",IF(TRIM(LOWER(IFERROR(INDEX('Evaluation-1'!$H$6:$H$436,MATCH($A15&"|"&$E15,'Evaluation-1'!$P$6:$P$436,0)),INDEX('Evaluation-1'!$H$6:$H$436,MATCH($E15,'Evaluation-1'!$G$6:$G$436,0)))))=TRIM(LOWER($F15)),"OK","CHECK NAME")) -> OK | O15: =IF(C15<>"",C15,O14) -> Mr. Abhishek Yadav | P15: =IF(OR(ISNUMBER(IFERROR(INDEX('Evaluation-1'!$K$6:$K$436,MATCH($A15&"|"&$E15,'Evaluation-1'!$P$6:$P$436,0)),IFERROR(INDEX('Evaluation-1'!$K$6:$K$436,MATCH($E15,'Evaluation-1'!$G$6:$G$436,0)),""))),ISNUMBER(IFERROR(INDEX('Evaluation-1'!$L$6:$L$436,MATCH($A15&"|"&$E15,'Evaluation-1'!$P$6:$P$436,0)),IFERROR(INDEX('Evaluation-1'!$L$6:$L$436,MATCH($E15,'Evaluation-1'!$G$6:$G$436,0)),"")))),"Yes","No") -> Yes | Q15: =IF(L15<>"","Yes","No") -> No | R15: =IF('Mr. Akhilesh Kumar Srivastava'!M15="","",'Mr. Akhilesh Kumar Srivastava'!M15) | S15: =IF('Mr. Akhilesh Kumar Srivastava'!N15="","",'Mr. Akhilesh Kumar Srivastava'!N15) | T15: =IF('Mr. Akhilesh Kumar Srivastava'!O15="","",'Mr. Akhilesh Kumar Srivastava'!O15) | U15: =IF('Mr. Akhilesh Kumar Srivastava'!P15="","",'Mr. Akhilesh Kumar Srivastava'!P15) | V15: =IF('Mr. Akhilesh Kumar Srivastava'!Q15="","",'Mr. Akhilesh Kumar Srivastava'!Q15) | W15: =IF(COUNT(R15:V15)=0,"",SUM(R15:V15)) | X15: =IF('Mr. Akhilesh Kumar Srivastava'!S15="","",'Mr. Akhilesh Kumar Srivastava'!S15) | Y15: =IF('Mr. Akhilesh Kumar Srivastava'!T15="","",'Mr. Akhilesh Kumar Srivastava'!T15) | Z15: =IF('Mr. Akhilesh Kumar Srivastava'!U15="","",'Mr. Akhilesh Kumar Srivastava'!U15) | AA15: =IF('Mr. Akhilesh Kumar Srivastava'!V15="","",'Mr. Akhilesh Kumar Srivastava'!V15) | AB15: =IF('Mr. Akhilesh Kumar Srivastava'!W15="","",'Mr. Akhilesh Kumar Srivastava'!W15) | AC15: =IF(COUNT(X15:AB15)=0,"",SUM(X15:AB15)) | AD15: =IF(COUNT(M15,W15,AC15)=0,"",ROUND(SUM(M15,W15,AC15),2)) -> 4.8 | AE15: =IF(W15<>"","Yes","No") -> No | AF15: =IF(AC15<>"","Yes","No") -> No | AG15: =IF(A15<>"",A15,AG14) -> P_003 | AH15: =IF(B15<>"",B15,IF(A15<>"","",AH14)) | AI15: =IF(D15<>"",D15,AI14) -> Mr. Akhilesh Kumar Srivastava
A16: P_004 | B16: =IF('Mr. Akhilesh Kumar Srivastava'!B16="","",'Mr. Akhilesh Kumar Srivastava'!B16) | E16: 2400320100659 | F16: Manish Jha | G16: =IFERROR(INDEX('Evaluation-1'!$N$6:$N$436,MATCH($A16&"|"&$E16,'Evaluation-1'!$P$6:$P$436,0)),IFERROR(INDEX('Evaluation-1'!$N$6:$N$436,MATCH($E16,'Evaluation-1'!$G$6:$G$436,0)),"")) -> 0 | H16: =IF('Mr. Akhilesh Kumar Srivastava'!F16="","",'Mr. Akhilesh Kumar Srivastava'!F16) | I16: =IF('Mr. Akhilesh Kumar Srivastava'!G16="","",'Mr. Akhilesh Kumar Srivastava'!G16) | J16: =IF('Mr. Akhilesh Kumar Srivastava'!H16="","",'Mr. Akhilesh Kumar Srivastava'!H16) | K16: =IF('Mr. Akhilesh Kumar Srivastava'!I16="","",'Mr. Akhilesh Kumar Srivastava'!I16) | L16: =IF(COUNT(H16:K16)=0,"",SUM(H16:K16)) | M16: =IF(COUNT(G16,L16)=0,"",ROUND(SUM(G16,L16),2)) -> 0 | N16: =IF($G16="","Not in Evaluation-1",IF(TRIM(LOWER(IFERROR(INDEX('Evaluation-1'!$H$6:$H$436,MATCH($A16&"|"&$E16,'Evaluation-1'!$P$6:$P$436,0)),INDEX('Evaluation-1'!$H$6:$H$436,MATCH($E16,'Evaluation-1'!$G$6:$G$436,0)))))=TRIM(LOWER($F16)),"OK","CHECK NAME")) -> OK | O16: =IF(C16<>"",C16,O15) -> Mr. Abhishek Yadav | P16: =IF(OR(ISNUMBER(IFERROR(INDEX('Evaluation-1'!$K$6:$K$436,MATCH($A16&"|"&$E16,'Evaluation-1'!$P$6:$P$436,0)),IFERROR(INDEX('Evaluation-1'!$K$6:$K$436,MATCH($E16,'Evaluation-1'!$G$6:$G$436,0)),""))),ISNUMBER(IFERROR(INDEX('Evaluation-1'!$L$6:$L$436,MATCH($A16&"|"&$E16,'Evaluation-1'!$P$6:$P$436,0)),IFERROR(INDEX('Evaluation-1'!$L$6:$L$436,MATCH($E16,'Evaluation-1'!$G$6:$G$436,0)),"")))),"Yes","No") -> Yes | Q16: =IF(L16<>"","Yes","No") -> No | R16: =IF('Mr. Akhilesh Kumar Srivastava'!M16="","",'Mr. Akhilesh Kumar Srivastava'!M16) | S16: =IF('Mr. Akhilesh Kumar Srivastava'!N16="","",'Mr. Akhilesh Kumar Srivastava'!N16) | T16: =IF('Mr. Akhilesh Kumar Srivastava'!O16="","",'Mr. Akhilesh Kumar Srivastava'!O16) | U16: =IF('Mr. Akhilesh Kumar Srivastava'!P16="","",'Mr. Akhilesh Kumar Srivastava'!P16) | V16: =IF('Mr. Akhilesh Kumar Srivastava'!Q16="","",'Mr. Akhilesh Kumar Srivastava'!Q16) | W16: =IF(COUNT(R16:V16)=0,"",SUM(R16:V16)) | X16: =IF('Mr. Akhilesh Kumar Srivastava'!S16="","",'Mr. Akhilesh Kumar Srivastava'!S16) | Y16: =IF('Mr. Akhilesh Kumar Srivastava'!T16="","",'Mr. Akhilesh Kumar Srivastava'!T16) | Z16: =IF('Mr. Akhilesh Kumar Srivastava'!U16="","",'Mr. Akhilesh Kumar Srivastava'!U16) | AA16: =IF('Mr. Akhilesh Kumar Srivastava'!V16="","",'Mr. Akhilesh Kumar Srivastava'!V16) | AB16: =IF('Mr. Akhilesh Kumar Srivastava'!W16="","",'Mr. Akhilesh Kumar Srivastava'!W16) | AC16: =IF(COUNT(X16:AB16)=0,"",SUM(X16:AB16)) | AD16: =IF(COUNT(M16,W16,AC16)=0,"",ROUND(SUM(M16,W16,AC16),2)) -> 0 | AE16: =IF(W16<>"","Yes","No") -> No | AF16: =IF(AC16<>"","Yes","No") -> No | AG16: =IF(A16<>"",A16,AG15) -> P_004 | AH16: =IF(B16<>"",B16,IF(A16<>"","",AH15)) | AI16: =IF(D16<>"",D16,AI15) -> Mr. Akhilesh Kumar Srivastava
E17: 2400320100658 | F17: Mani Aggarwal | G17: =IFERROR(INDEX('Evaluation-1'!$N$6:$N$436,MATCH($A17&"|"&$E17,'Evaluation-1'!$P$6:$P$436,0)),IFERROR(INDEX('Evaluation-1'!$N$6:$N$436,MATCH($E17,'Evaluation-1'!$G$6:$G$436,0)),"")) -> 0 | H17: =IF('Mr. Akhilesh Kumar Srivastava'!F17="","",'Mr. Akhilesh Kumar Srivastava'!F17) | I17: =IF('Mr. Akhilesh Kumar Srivastava'!G17="","",'Mr. Akhilesh Kumar Srivastava'!G17) | J17: =IF('Mr. Akhilesh Kumar Srivastava'!H17="","",'Mr. Akhilesh Kumar Srivastava'!H17) | K17: =IF('Mr. Akhilesh Kumar Srivastava'!I17="","",'Mr. Akhilesh Kumar Srivastava'!I17) | L17: =IF(COUNT(H17:K17)=0,"",SUM(H17:K17)) | M17: =IF(COUNT(G17,L17)=0,"",ROUND(SUM(G17,L17),2)) -> 0 | N17: =IF($G17="","Not in Evaluation-1",IF(TRIM(LOWER(IFERROR(INDEX('Evaluation-1'!$H$6:$H$436,MATCH($A17&"|"&$E17,'Evaluation-1'!$P$6:$P$436,0)),INDEX('Evaluation-1'!$H$6:$H$436,MATCH($E17,'Evaluation-1'!$G$6:$G$436,0)))))=TRIM(LOWER($F17)),"OK","CHECK NAME")) -> OK | O17: =IF(C17<>"",C17,O16) -> Mr. Abhishek Yadav | P17: =IF(OR(ISNUMBER(IFERROR(INDEX('Evaluation-1'!$K$6:$K$436,MATCH($A17&"|"&$E17,'Evaluation-1'!$P$6:$P$436,0)),IFERROR(INDEX('Evaluation-1'!$K$6:$K$436,MATCH($E17,'Evaluation-1'!$G$6:$G$436,0)),""))),ISNUMBER(IFERROR(INDEX('Evaluation-1'!$L$6:$L$436,MATCH($A17&"|"&$E17,'Evaluation-1'!$P$6:$P$436,0)),IFERROR(INDEX('Evaluation-1'!$L$6:$L$436,MATCH($E17,'Evaluation-1'!$G$6:$G$436,0)),"")))),"Yes","No") -> Yes | Q17: =IF(L17<>"","Yes","No") -> No | R17: =IF('Mr. Akhilesh Kumar Srivastava'!M17="","",'Mr. Akhilesh Kumar Srivastava'!M17) | S17: =IF('Mr. Akhilesh Kumar Srivastava'!N17="","",'Mr. Akhilesh Kumar Srivastava'!N17) | T17: =IF('Mr. Akhilesh Kumar Srivastava'!O17="","",'Mr. Akhilesh Kumar Srivastava'!O17) | U17: =IF('Mr. Akhilesh Kumar Srivastava'!P17="","",'Mr. Akhilesh Kumar Srivastava'!P17) | V17: =IF('Mr. Akhilesh Kumar Srivastava'!Q17="","",'Mr. Akhilesh Kumar Srivastava'!Q17) | W17: =IF(COUNT(R17:V17)=0,"",SUM(R17:V17)) | X17: =IF('Mr. Akhilesh Kumar Srivastava'!S17="","",'Mr. Akhilesh Kumar Srivastava'!S17) | Y17: =IF('Mr. Akhilesh Kumar Srivastava'!T17="","",'Mr. Akhilesh Kumar Srivastava'!T17) | Z17: =IF('Mr. Akhilesh Kumar Srivastava'!U17="","",'Mr. Akhilesh Kumar Srivastava'!U17) | AA17: =IF('Mr. Akhilesh Kumar Srivastava'!V17="","",'Mr. Akhilesh Kumar Srivastava'!V17) | AB17: =IF('Mr. Akhilesh Kumar Srivastava'!W17="","",'Mr. Akhilesh Kumar Srivastava'!W17) | AC17: =IF(COUNT(X17:AB17)=0,"",SUM(X17:AB17)) | AD17: =IF(COUNT(M17,W17,AC17)=0,"",ROUND(SUM(M17,W17,AC17),2)) -> 0 | AE17: =IF(W17<>"","Yes","No") -> No | AF17: =IF(AC17<>"","Yes","No") -> No | AG17: =IF(A17<>"",A17,AG16) -> P_004 | AH17: =IF(B17<>"",B17,IF(A17<>"","",AH16)) | AI17: =IF(D17<>"",D17,AI16) -> Mr. Akhilesh Kumar Srivastava
E18: 2400320100656 | F18: Masvi Dhiman | G18: =IFERROR(INDEX('Evaluation-1'!$N$6:$N$436,MATCH($A18&"|"&$E18,'Evaluation-1'!$P$6:$P$436,0)),IFERROR(INDEX('Evaluation-1'!$N$6:$N$436,MATCH($E18,'Evaluation-1'!$G$6:$G$436,0)),"")) -> 0 | H18: =IF('Mr. Akhilesh Kumar Srivastava'!F18="","",'Mr. Akhilesh Kumar Srivastava'!F18) | I18: =IF('Mr. Akhilesh Kumar Srivastava'!G18="","",'Mr. Akhilesh Kumar Srivastava'!G18) | J18: =IF('Mr. Akhilesh Kumar Srivastava'!H18="","",'Mr. Akhilesh Kumar Srivastava'!H18) | K18: =IF('Mr. Akhilesh Kumar Srivastava'!I18="","",'Mr. Akhilesh Kumar Srivastava'!I18) | L18: =IF(COUNT(H18:K18)=0,"",SUM(H18:K18)) | M18: =IF(COUNT(G18,L18)=0,"",ROUND(SUM(G18,L18),2)) -> 0 | N18: =IF($G18="","Not in Evaluation-1",IF(TRIM(LOWER(IFERROR(INDEX('Evaluation-1'!$H$6:$H$436,MATCH($A18&"|"&$E18,'Evaluation-1'!$P$6:$P$436,0)),INDEX('Evaluation-1'!$H$6:$H$436,MATCH($E18,'Evaluation-1'!$G$6:$G$436,0)))))=TRIM(LOWER($F18)),"OK","CHECK NAME")) -> OK | O18: =IF(C18<>"",C18,O17) -> Mr. Abhishek Yadav | P18: =IF(OR(ISNUMBER(IFERROR(INDEX('Evaluation-1'!$K$6:$K$436,MATCH($A18&"|"&$E18,'Evaluation-1'!$P$6:$P$436,0)),IFERROR(INDEX('Evaluation-1'!$K$6:$K$436,MATCH($E18,'Evaluation-1'!$G$6:$G$436,0)),""))),ISNUMBER(IFERROR(INDEX('Evaluation-1'!$L$6:$L$436,MATCH($A18&"|"&$E18,'Evaluation-1'!$P$6:$P$436,0)),IFERROR(INDEX('Evaluation-1'!$L$6:$L$436,MATCH($E18,'Evaluation-1'!$G$6:$G$436,0)),"")))),"Yes","No") -> Yes | Q18: =IF(L18<>"","Yes","No") -> No | R18: =IF('Mr. Akhilesh Kumar Srivastava'!M18="","",'Mr. Akhilesh Kumar Srivastava'!M18) | S18: =IF('Mr. Akhilesh Kumar Srivastava'!N18="","",'Mr. Akhilesh Kumar Srivastava'!N18) | T18: =IF('Mr. Akhilesh Kumar Srivastava'!O18="","",'Mr. Akhilesh Kumar Srivastava'!O18) | U18: =IF('Mr. Akhilesh Kumar Srivastava'!P18="","",'Mr. Akhilesh Kumar Srivastava'!P18) | V18: =IF('Mr. Akhilesh Kumar Srivastava'!Q18="","",'Mr. Akhilesh Kumar Srivastava'!Q18) | W18: =IF(COUNT(R18:V18)=0,"",SUM(R18:V18)) | X18: =IF('Mr. Akhilesh Kumar Srivastava'!S18="","",'Mr. Akhilesh Kumar Srivastava'!S18) | Y18: =IF('Mr. Akhilesh Kumar Srivastava'!T18="","",'Mr. Akhilesh Kumar Srivastava'!T18) | Z18: =IF('Mr. Akhilesh Kumar Srivastava'!U18="","",'Mr. Akhilesh Kumar Srivastava'!U18) | AA18: =IF('Mr. Akhilesh Kumar Srivastava'!V18="","",'Mr. Akhilesh Kumar Srivastava'!V18) | AB18: =IF('Mr. Akhilesh Kumar Srivastava'!W18="","",'Mr. Akhilesh Kumar Srivastava'!W18) | AC18: =IF(COUNT(X18:AB18)=0,"",SUM(X18:AB18)) | AD18: =IF(COUNT(M18,W18,AC18)=0,"",ROUND(SUM(M18,W18,AC18),2)) -> 0 | AE18: =IF(W18<>"","Yes","No") -> No | AF18: =IF(AC18<>"","Yes","No") -> No | AG18: =IF(A18<>"",A18,AG17) -> P_004 | AH18: =IF(B18<>"",B18,IF(A18<>"","",AH17)) | AI18: =IF(D18<>"",D18,AI17) -> Mr. Akhilesh Kumar Srivastava
E19: 2400320100712 | F19: Mudit Chaturvedi | G19: =IFERROR(INDEX('Evaluation-1'!$N$6:$N$436,MATCH($A19&"|"&$E19,'Evaluation-1'!$P$6:$P$436,0)),IFERROR(INDEX('Evaluation-1'!$N$6:$N$436,MATCH($E19,'Evaluation-1'!$G$6:$G$436,0)),"")) -> 0 | H19: =IF('Mr. Akhilesh Kumar Srivastava'!F19="","",'Mr. Akhilesh Kumar Srivastava'!F19) | I19: =IF('Mr. Akhilesh Kumar Srivastava'!G19="","",'Mr. Akhilesh Kumar Srivastava'!G19) | J19: =IF('Mr. Akhilesh Kumar Srivastava'!H19="","",'Mr. Akhilesh Kumar Srivastava'!H19) | K19: =IF('Mr. Akhilesh Kumar Srivastava'!I19="","",'Mr. Akhilesh Kumar Srivastava'!I19) | L19: =IF(COUNT(H19:K19)=0,"",SUM(H19:K19)) | M19: =IF(COUNT(G19,L19)=0,"",ROUND(SUM(G19,L19),2)) -> 0 | N19: =IF($G19="","Not in Evaluation-1",IF(TRIM(LOWER(IFERROR(INDEX('Evaluation-1'!$H$6:$H$436,MATCH($A19&"|"&$E19,'Evaluation-1'!$P$6:$P$436,0)),INDEX('Evaluation-1'!$H$6:$H$436,MATCH($E19,'Evaluation-1'!$G$6:$G$436,0)))))=TRIM(LOWER($F19)),"OK","CHECK NAME")) -> OK | O19: =IF(C19<>"",C19,O18) -> Mr. Abhishek Yadav | P19: =IF(OR(ISNUMBER(IFERROR(INDEX('Evaluation-1'!$K$6:$K$436,MATCH($A19&"|"&$E19,'Evaluation-1'!$P$6:$P$436,0)),IFERROR(INDEX('Evaluation-1'!$K$6:$K$436,MATCH($E19,'Evaluation-1'!$G$6:$G$436,0)),""))),ISNUMBER(IFERROR(INDEX('Evaluation-1'!$L$6:$L$436,MATCH($A19&"|"&$E19,'Evaluation-1'!$P$6:$P$436,0)),IFERROR(INDEX('Evaluation-1'!$L$6:$L$436,MATCH($E19,'Evaluation-1'!$G$6:$G$436,0)),"")))),"Yes","No") -> Yes | Q19: =IF(L19<>"","Yes","No") -> No | R19: =IF('Mr. Akhilesh Kumar Srivastava'!M19="","",'Mr. Akhilesh Kumar Srivastava'!M19) | S19: =IF('Mr. Akhilesh Kumar Srivastava'!N19="","",'Mr. Akhilesh Kumar Srivastava'!N19) | T19: =IF('Mr. Akhilesh Kumar Srivastava'!O19="","",'Mr. Akhilesh Kumar Srivastava'!O19) | U19: =IF('Mr. Akhilesh Kumar Srivastava'!P19="","",'Mr. Akhilesh Kumar Srivastava'!P19) | V19: =IF('Mr. Akhilesh Kumar Srivastava'!Q19="","",'Mr. Akhilesh Kumar Srivastava'!Q19) | W19: =IF(COUNT(R19:V19)=0,"",SUM(R19:V19)) | X19: =IF('Mr. Akhilesh Kumar Srivastava'!S19="","",'Mr. Akhilesh Kumar Srivastava'!S19) | Y19: =IF('Mr. Akhilesh Kumar Srivastava'!T19="","",'Mr. Akhilesh Kumar Srivastava'!T19) | Z19: =IF('Mr. Akhilesh Kumar Srivastava'!U19="","",'Mr. Akhilesh Kumar Srivastava'!U19) | AA19: =IF('Mr. Akhilesh Kumar Srivastava'!V19="","",'Mr. Akhilesh Kumar Srivastava'!V19) | AB19: =IF('Mr. Akhilesh Kumar Srivastava'!W19="","",'Mr. Akhilesh Kumar Srivastava'!W19) | AC19: =IF(COUNT(X19:AB19)=0,"",SUM(X19:AB19)) | AD19: =IF(COUNT(M19,W19,AC19)=0,"",ROUND(SUM(M19,W19,AC19),2)) -> 0 | AE19: =IF(W19<>"","Yes","No") -> No | AF19: =IF(AC19<>"","Yes","No") -> No | AG19: =IF(A19<>"",A19,AG18) -> P_004 | AH19: =IF(B19<>"",B19,IF(A19<>"","",AH18)) | AI19: =IF(D19<>"",D19,AI18) -> Mr. Akhilesh Kumar Srivastava
A20: P_005 | B20: =IF('Ms. Ayushi Agarwal'!B4="","",'Ms. Ayushi Agarwal'!B4) | C20: Mr. Akhilesh Kumar Srivastava | D20: Ms. Ayushi Agarwal | E20: 2400320100603 | F20: Khushi Tyagi | G20: =IFERROR(INDEX('Evaluation-1'!$N$6:$N$436,MATCH($A20&"|"&$E20,'Evaluation-1'!$P$6:$P$436,0)),IFERROR(INDEX('Evaluation-1'!$N$6:$N$436,MATCH($E20,'Evaluation-1'!$G$6:$G$436,0)),"")) -> 0 | H20: =IF('Ms. Ayushi Agarwal'!F4="","",'Ms. Ayushi Agarwal'!F4) | I20: =IF('Ms. Ayushi Agarwal'!G4="","",'Ms. Ayushi Agarwal'!G4) | J20: =IF('Ms. Ayushi Agarwal'!H4="","",'Ms. Ayushi Agarwal'!H4) | K20: =IF('Ms. Ayushi Agarwal'!I4="","",'Ms. Ayushi Agarwal'!I4) | L20: =IF(COUNT(H20:K20)=0,"",SUM(H20:K20)) | M20: =IF(COUNT(G20,L20)=0,"",ROUND(SUM(G20,L20),2)) -> 0 | N20: =IF($G20="","Not in Evaluation-1",IF(TRIM(LOWER(IFERROR(INDEX('Evaluation-1'!$H$6:$H$436,MATCH($A20&"|"&$E20,'Evaluation-1'!$P$6:$P$436,0)),INDEX('Evaluation-1'!$H$6:$H$436,MATCH($E20,'Evaluation-1'!$G$6:$G$436,0)))))=TRIM(LOWER($F20)),"OK","CHECK NAME")) -> OK | O20: =IF(C20<>"",C20,O19) -> Mr. Akhilesh Kumar Srivastava | P20: =IF(OR(ISNUMBER(IFERROR(INDEX('Evaluation-1'!$K$6:$K$436,MATCH($A20&"|"&$E20,'Evaluation-1'!$P$6:$P$436,0)),IFERROR(INDEX('Evaluation-1'!$K$6:$K$436,MATCH($E20,'Evaluation-1'!$G$6:$G$436,0)),""))),ISNUMBER(IFERROR(INDEX('Evaluation-1'!$L$6:$L$436,MATCH($A20&"|"&$E20,'Evaluation-1'!$P$6:$P$436,0)),IFERROR(INDEX('Evaluation-1'!$L$6:$L$436,MATCH($E20,'Evaluation-1'!$G$6:$G$436,0)),"")))),"Yes","No") -> Yes | Q20: =IF(L20<>"","Yes","No") -> No | R20: =IF('Ms. Ayushi Agarwal'!M4="","",'Ms. Ayushi Agarwal'!M4) | S20: =IF('Ms. Ayushi Agarwal'!N4="","",'Ms. Ayushi Agarwal'!N4) | T20: =IF('Ms. Ayushi Agarwal'!O4="","",'Ms. Ayushi Agarwal'!O4) | U20: =IF('Ms. Ayushi Agarwal'!P4="","",'Ms. Ayushi Agarwal'!P4) | V20: =IF('Ms. Ayushi Agarwal'!Q4="","",'Ms. Ayushi Agarwal'!Q4) | W20: =IF(COUNT(R20:V20)=0,"",SUM(R20:V20)) | X20: =IF('Ms. Ayushi Agarwal'!S4="","",'Ms. Ayushi Agarwal'!S4) | Y20: =IF('Ms. Ayushi Agarwal'!T4="","",'Ms. Ayushi Agarwal'!T4) | Z20: =IF('Ms. Ayushi Agarwal'!U4="","",'Ms. Ayushi Agarwal'!U4) | AA20: =IF('Ms. Ayushi Agarwal'!V4="","",'Ms. Ayushi Agarwal'!V4) | AB20: =IF('Ms. Ayushi Agarwal'!W4="","",'Ms. Ayushi Agarwal'!W4) | AC20: =IF(COUNT(X20:AB20)=0,"",SUM(X20:AB20)) | AD20: =IF(COUNT(M20,W20,AC20)=0,"",ROUND(SUM(M20,W20,AC20),2)) -> 0 | AE20: =IF(W20<>"","Yes","No") -> No | AF20: =IF(AC20<>"","Yes","No") -> No | AG20: =IF(A20<>"",A20,AG19) -> P_005 | AH20: =IF(B20<>"",B20,IF(A20<>"","",AH19)) | AI20: =IF(D20<>"",D20,AI19) -> Ms. Ayushi Agarwal
E21: 2400320100610 | F21: Krish Bansal | G21: =IFERROR(INDEX('Evaluation-1'!$N$6:$N$436,MATCH($A21&"|"&$E21,'Evaluation-1'!$P$6:$P$436,0)),IFERROR(INDEX('Evaluation-1'!$N$6:$N$436,MATCH($E21,'Evaluation-1'!$G$6:$G$436,0)),"")) -> 0 | H21: =IF('Ms. Ayushi Agarwal'!F5="","",'Ms. Ayushi Agarwal'!F5) | I21: =IF('Ms. Ayushi Agarwal'!G5="","",'Ms. Ayushi Agarwal'!G5) | J21: =IF('Ms. Ayushi Agarwal'!H5="","",'Ms. Ayushi Agarwal'!H5) | K21: =IF('Ms. Ayushi Agarwal'!I5="","",'Ms. Ayushi Agarwal'!I5) | L21: =IF(COUNT(H21:K21)=0,"",SUM(H21:K21)) | M21: =IF(COUNT(G21,L21)=0,"",ROUND(SUM(G21,L21),2)) -> 0 | N21: =IF($G21="","Not in Evaluation-1",IF(TRIM(LOWER(IFERROR(INDEX('Evaluation-1'!$H$6:$H$436,MATCH($A21&"|"&$E21,'Evaluation-1'!$P$6:$P$436,0)),INDEX('Evaluation-1'!$H$6:$H$436,MATCH($E21,'Evaluation-1'!$G$6:$G$436,0)))))=TRIM(LOWER($F21)),"OK","CHECK NAME")) -> OK | O21: =IF(C21<>"",C21,O20) -> Mr. Akhilesh Kumar Srivastava | P21: =IF(OR(ISNUMBER(IFERROR(INDEX('Evaluation-1'!$K$6:$K$436,MATCH($A21&"|"&$E21,'Evaluation-1'!$P$6:$P$436,0)),IFERROR(INDEX('Evaluation-1'!$K$6:$K$436,MATCH($E21,'Evaluation-1'!$G$6:$G$436,0)),""))),ISNUMBER(IFERROR(INDEX('Evaluation-1'!$L$6:$L$436,MATCH($A21&"|"&$E21,'Evaluation-1'!$P$6:$P$436,0)),IFERROR(INDEX('Evaluation-1'!$L$6:$L$436,MATCH($E21,'Evaluation-1'!$G$6:$G$436,0)),"")))),"Yes","No") -> Yes | Q21: =IF(L21<>"","Yes","No") -> No | R21: =IF('Ms. Ayushi Agarwal'!M5="","",'Ms. Ayushi Agarwal'!M5) | S21: =IF('Ms. Ayushi Agarwal'!N5="","",'Ms. Ayushi Agarwal'!N5) | T21: =IF('Ms. Ayushi Agarwal'!O5="","",'Ms. Ayushi Agarwal'!O5) | U21: =IF('Ms. Ayushi Agarwal'!P5="","",'Ms. Ayushi Agarwal'!P5) | V21: =IF('Ms. Ayushi Agarwal'!Q5="","",'Ms. Ayushi Agarwal'!Q5) | W21: =IF(COUNT(R21:V21)=0,"",SUM(R21:V21)) | X21: =IF('Ms. Ayushi Agarwal'!S5="","",'Ms. Ayushi Agarwal'!S5) | Y21: =IF('Ms. Ayushi Agarwal'!T5="","",'Ms. Ayushi Agarwal'!T5) | Z21: =IF('Ms. Ayushi Agarwal'!U5="","",'Ms. Ayushi Agarwal'!U5) | AA21: =IF('Ms. Ayushi Agarwal'!V5="","",'Ms. Ayushi Agarwal'!V5) | AB21: =IF('Ms. Ayushi Agarwal'!W5="","",'Ms. Ayushi Agarwal'!W5) | AC21: =IF(COUNT(X21:AB21)=0,"",SUM(X21:AB21)) | AD21: =IF(COUNT(M21,W21,AC21)=0,"",ROUND(SUM(M21,W21,AC21),2)) -> 0 | AE21: =IF(W21<>"","Yes","No") -> No | AF21: =IF(AC21<>"","Yes","No") -> No | AG21: =IF(A21<>"",A21,AG20) -> P_005 | AH21: =IF(B21<>"",B21,IF(A21<>"","",AH20)) | AI21: =IF(D21<>"",D21,AI20) -> Ms. Ayushi Agarwal
E22: 2400320100596 | F22: Khushi Jain | G22: =IFERROR(INDEX('Evaluation-1'!$N$6:$N$436,MATCH($A22&"|"&$E22,'Evaluation-1'!$P$6:$P$436,0)),IFERROR(INDEX('Evaluation-1'!$N$6:$N$436,MATCH($E22,'Evaluation-1'!$G$6:$G$436,0)),"")) -> 0 | H22: =IF('Ms. Ayushi Agarwal'!F6="","",'Ms. Ayushi Agarwal'!F6) | I22: =IF('Ms. Ayushi Agarwal'!G6="","",'Ms. Ayushi Agarwal'!G6) | J22: =IF('Ms. Ayushi Agarwal'!H6="","",'Ms. Ayushi Agarwal'!H6) | K22: =IF('Ms. Ayushi Agarwal'!I6="","",'Ms. Ayushi Agarwal'!I6) | L22: =IF(COUNT(H22:K22)=0,"",SUM(H22:K22)) | M22: =IF(COUNT(G22,L22)=0,"",ROUND(SUM(G22,L22),2)) -> 0 | N22: =IF($G22="","Not in Evaluation-1",IF(TRIM(LOWER(IFERROR(INDEX('Evaluation-1'!$H$6:$H$436,MATCH($A22&"|"&$E22,'Evaluation-1'!$P$6:$P$436,0)),INDEX('Evaluation-1'!$H$6:$H$436,MATCH($E22,'Evaluation-1'!$G$6:$G$436,0)))))=TRIM(LOWER($F22)),"OK","CHECK NAME")) -> OK | O22: =IF(C22<>"",C22,O21) -> Mr. Akhilesh Kumar Srivastava | P22: =IF(OR(ISNUMBER(IFERROR(INDEX('Evaluation-1'!$K$6:$K$436,MATCH($A22&"|"&$E22,'Evaluation-1'!$P$6:$P$436,0)),IFERROR(INDEX('Evaluation-1'!$K$6:$K$436,MATCH($E22,'Evaluation-1'!$G$6:$G$436,0)),""))),ISNUMBER(IFERROR(INDEX('Evaluation-1'!$L$6:$L$436,MATCH($A22&"|"&$E22,'Evaluation-1'!$P$6:$P$436,0)),IFERROR(INDEX('Evaluation-1'!$L$6:$L$436,MATCH($E22,'Evaluation-1'!$G$6:$G$436,0)),"")))),"Yes","No") -> Yes | Q22: =IF(L22<>"","Yes","No") -> No | R22: =IF('Ms. Ayushi Agarwal'!M6="","",'Ms. Ayushi Agarwal'!M6) | S22: =IF('Ms. Ayushi Agarwal'!N6="","",'Ms. Ayushi Agarwal'!N6) | T22: =IF('Ms. Ayushi Agarwal'!O6="","",'Ms. Ayushi Agarwal'!O6) | U22: =IF('Ms. Ayushi Agarwal'!P6="","",'Ms. Ayushi Agarwal'!P6) | V22: =IF('Ms. Ayushi Agarwal'!Q6="","",'Ms. Ayushi Agarwal'!Q6) | W22: =IF(COUNT(R22:V22)=0,"",SUM(R22:V22)) | X22: =IF('Ms. Ayushi Agarwal'!S6="","",'Ms. Ayushi Agarwal'!S6) | Y22: =IF('Ms. Ayushi Agarwal'!T6="","",'Ms. Ayushi Agarwal'!T6) | Z22: =IF('Ms. Ayushi Agarwal'!U6="","",'Ms. Ayushi Agarwal'!U6) | AA22: =IF('Ms. Ayushi Agarwal'!V6="","",'Ms. Ayushi Agarwal'!V6) | AB22: =IF('Ms. Ayushi Agarwal'!W6="","",'Ms. Ayushi Agarwal'!W6) | AC22: =IF(COUNT(X22:AB22)=0,"",SUM(X22:AB22)) | AD22: =IF(COUNT(M22,W22,AC22)=0,"",ROUND(SUM(M22,W22,AC22),2)) -> 0 | AE22: =IF(W22<>"","Yes","No") -> No | AF22: =IF(AC22<>"","Yes","No") -> No | AG22: =IF(A22<>"",A22,AG21) -> P_005 | AH22: =IF(B22<>"",B22,IF(A22<>"","",AH21)) | AI22: =IF(D22<>"",D22,AI21) -> Ms. Ayushi Agarwal
E23: 2400320100594 | F23: Khushi | G23: =IFERROR(INDEX('Evaluation-1'!$N$6:$N$436,MATCH($A23&"|"&$E23,'Evaluation-1'!$P$6:$P$436,0)),IFERROR(INDEX('Evaluation-1'!$N$6:$N$436,MATCH($E23,'Evaluation-1'!$G$6:$G$436,0)),"")) -> 0 | H23: =IF('Ms. Ayushi Agarwal'!F7="","",'Ms. Ayushi Agarwal'!F7) | I23: =IF('Ms. Ayushi Agarwal'!G7="","",'Ms. Ayushi Agarwal'!G7) | J23: =IF('Ms. Ayushi Agarwal'!H7="","",'Ms. Ayushi Agarwal'!H7) | K23: =IF('Ms. Ayushi Agarwal'!I7="","",'Ms. Ayushi Agarwal'!I7) | L23: =IF(COUNT(H23:K23)=0,"",SUM(H23:K23)) | M23: =IF(COUNT(G23,L23)=0,"",ROUND(SUM(G23,L23),2)) -> 0 | N23: =IF($G23="","Not in Evaluation-1",IF(TRIM(LOWER(IFERROR(INDEX('Evaluation-1'!$H$6:$H$436,MATCH($A23&"|"&$E23,'Evaluation-1'!$P$6:$P$436,0)),INDEX('Evaluation-1'!$H$6:$H$436,MATCH($E23,'Evaluation-1'!$G$6:$G$436,0)))))=TRIM(LOWER($F23)),"OK","CHECK NAME")) -> OK | O23: =IF(C23<>"",C23,O22) -> Mr. Akhilesh Kumar Srivastava | P23: =IF(OR(ISNUMBER(IFERROR(INDEX('Evaluation-1'!$K$6:$K$436,MATCH($A23&"|"&$E23,'Evaluation-1'!$P$6:$P$436,0)),IFERROR(INDEX('Evaluation-1'!$K$6:$K$436,MATCH($E23,'Evaluation-1'!$G$6:$G$436,0)),""))),ISNUMBER(IFERROR(INDEX('Evaluation-1'!$L$6:$L$436,MATCH($A23&"|"&$E23,'Evaluation-1'!$P$6:$P$436,0)),IFERROR(INDEX('Evaluation-1'!$L$6:$L$436,MATCH($E23,'Evaluation-1'!$G$6:$G$436,0)),"")))),"Yes","No") -> Yes | Q23: =IF(L23<>"","Yes","No") -> No | R23: =IF('Ms. Ayushi Agarwal'!M7="","",'Ms. Ayushi Agarwal'!M7) | S23: =IF('Ms. Ayushi Agarwal'!N7="","",'Ms. Ayushi Agarwal'!N7) | T23: =IF('Ms. Ayushi Agarwal'!O7="","",'Ms. Ayushi Agarwal'!O7) | U23: =IF('Ms. Ayushi Agarwal'!P7="","",'Ms. Ayushi Agarwal'!P7) | V23: =IF('Ms. Ayushi Agarwal'!Q7="","",'Ms. Ayushi Agarwal'!Q7) | W23: =IF(COUNT(R23:V23)=0,"",SUM(R23:V23)) | X23: =IF('Ms. Ayushi Agarwal'!S7="","",'Ms. Ayushi Agarwal'!S7) | Y23: =IF('Ms. Ayushi Agarwal'!T7="","",'Ms. Ayushi Agarwal'!T7) | Z23: =IF('Ms. Ayushi Agarwal'!U7="","",'Ms. Ayushi Agarwal'!U7) | AA23: =IF('Ms. Ayushi Agarwal'!V7="","",'Ms. Ayushi Agarwal'!V7) | AB23: =IF('Ms. Ayushi Agarwal'!W7="","",'Ms. Ayushi Agarwal'!W7) | AC23: =IF(COUNT(X23:AB23)=0,"",SUM(X23:AB23)) | AD23: =IF(COUNT(M23,W23,AC23)=0,"",ROUND(SUM(M23,W23,AC23),2)) -> 0 | AE23: =IF(W23<>"","Yes","No") -> No | AF23: =IF(AC23<>"","Yes","No") -> No | AG23: =IF(A23<>"",A23,AG22) -> P_005 | AH23: =IF(B23<>"",B23,IF(A23<>"","",AH22)) | AI23: =IF(D23<>"",D23,AI22) -> Ms. Ayushi Agarwal
A24: P_006 | B24: =IF('Ms. Ayushi Agarwal'!B8="","",'Ms. Ayushi Agarwal'!B8) | E24: 2400320100587 | F24: Kaustubh Sharma | G24: =IFERROR(INDEX('Evaluation-1'!$N$6:$N$436,MATCH($A24&"|"&$E24,'Evaluation-1'!$P$6:$P$436,0)),IFERROR(INDEX('Evaluation-1'!$N$6:$N$436,MATCH($E24,'Evaluation-1'!$G$6:$G$436,0)),"")) -> 5.4 | H24: =IF('Ms. Ayushi Agarwal'!F8="","",'Ms. Ayushi Agarwal'!F8) | I24: =IF('Ms. Ayushi Agarwal'!G8="","",'Ms. Ayushi Agarwal'!G8) | J24: =IF('Ms. Ayushi Agarwal'!H8="","",'Ms. Ayushi Agarwal'!H8) | K24: =IF('Ms. Ayushi Agarwal'!I8="","",'Ms. Ayushi Agarwal'!I8) | L24: =IF(COUNT(H24:K24)=0,"",SUM(H24:K24)) | M24: =IF(COUNT(G24,L24)=0,"",ROUND(SUM(G24,L24),2)) -> 5.4 | N24: =IF($G24="","Not in Evaluation-1",IF(TRIM(LOWER(IFERROR(INDEX('Evaluation-1'!$H$6:$H$436,MATCH($A24&"|"&$E24,'Evaluation-1'!$P$6:$P$436,0)),INDEX('Evaluation-1'!$H$6:$H$436,MATCH($E24,'Evaluation-1'!$G$6:$G$436,0)))))=TRIM(LOWER($F24)),"OK","CHECK NAME")) -> OK | O24: =IF(C24<>"",C24,O23) -> Mr. Akhilesh Kumar Srivastava | P24: =IF(OR(ISNUMBER(IFERROR(INDEX('Evaluation-1'!$K$6:$K$436,MATCH($A24&"|"&$E24,'Evaluation-1'!$P$6:$P$436,0)),IFERROR(INDEX('Evaluation-1'!$K$6:$K$436,MATCH($E24,'Evaluation-1'!$G$6:$G$436,0)),""))),ISNUMBER(IFERROR(INDEX('Evaluation-1'!$L$6:$L$436,MATCH($A24&"|"&$E24,'Evaluation-1'!$P$6:$P$436,0)),IFERROR(INDEX('Evaluation-1'!$L$6:$L$436,MATCH($E24,'Evaluation-1'!$G$6:$G$436,0)),"")))),"Yes","No") -> Yes | Q24: =IF(L24<>"","Yes","No") -> No | R24: =IF('Ms. Ayushi Agarwal'!M8="","",'Ms. Ayushi Agarwal'!M8) | S24: =IF('Ms. Ayushi Agarwal'!N8="","",'Ms. Ayushi Agarwal'!N8) | T24: =IF('Ms. Ayushi Agarwal'!O8="","",'Ms. Ayushi Agarwal'!O8) | U24: =IF('Ms. Ayushi Agarwal'!P8="","",'Ms. Ayushi Agarwal'!P8) | V24: =IF('Ms. Ayushi Agarwal'!Q8="","",'Ms. Ayushi Agarwal'!Q8) | W24: =IF(COUNT(R24:V24)=0,"",SUM(R24:V24)) | X24: =IF('Ms. Ayushi Agarwal'!S8="","",'Ms. Ayushi Agarwal'!S8) | Y24: =IF('Ms. Ayushi Agarwal'!T8="","",'Ms. Ayushi Agarwal'!T8) | Z24: =IF('Ms. Ayushi Agarwal'!U8="","",'Ms. Ayushi Agarwal'!U8) | AA24: =IF('Ms. Ayushi Agarwal'!V8="","",'Ms. Ayushi Agarwal'!V8) | AB24: =IF('Ms. Ayushi Agarwal'!W8="","",'Ms. Ayushi Agarwal'!W8) | AC24: =IF(COUNT(X24:AB24)=0,"",SUM(X24:AB24)) | AD24: =IF(COUNT(M24,W24,AC24)=0,"",ROUND(SUM(M24,W24,AC24),2)) -> 5.4 | AE24: =IF(W24<>"","Yes","No") -> No | AF24: =IF(AC24<>"","Yes","No") -> No | AG24: =IF(A24<>"",A24,AG23) -> P_006 | AH24: =IF(B24<>"",B24,IF(A24<>"","",AH23)) | AI24: =IF(D24<>"",D24,AI23) -> Ms. Ayushi Agarwal
E25: 2400320100586 | F25: Kaustubh pathak | G25: =IFERROR(INDEX('Evaluation-1'!$N$6:$N$436,MATCH($A25&"|"&$E25,'Evaluation-1'!$P$6:$P$436,0)),IFERROR(INDEX('Evaluation-1'!$N$6:$N$436,MATCH($E25,'Evaluation-1'!$G$6:$G$436,0)),"")) -> 5.4 | H25: =IF('Ms. Ayushi Agarwal'!F9="","",'Ms. Ayushi Agarwal'!F9) | I25: =IF('Ms. Ayushi Agarwal'!G9="","",'Ms. Ayushi Agarwal'!G9) | J25: =IF('Ms. Ayushi Agarwal'!H9="","",'Ms. Ayushi Agarwal'!H9) | K25: =IF('Ms. Ayushi Agarwal'!I9="","",'Ms. Ayushi Agarwal'!I9) | L25: =IF(COUNT(H25:K25)=0,"",SUM(H25:K25)) | M25: =IF(COUNT(G25,L25)=0,"",ROUND(SUM(G25,L25),2)) -> 5.4 | N25: =IF($G25="","Not in Evaluation-1",IF(TRIM(LOWER(IFERROR(INDEX('Evaluation-1'!$H$6:$H$436,MATCH($A25&"|"&$E25,'Evaluation-1'!$P$6:$P$436,0)),INDEX('Evaluation-1'!$H$6:$H$436,MATCH($E25,'Evaluation-1'!$G$6:$G$436,0)))))=TRIM(LOWER($F25)),"OK","CHECK NAME")) -> OK | O25: =IF(C25<>"",C25,O24) -> Mr. Akhilesh Kumar Srivastava | P25: =IF(OR(ISNUMBER(IFERROR(INDEX('Evaluation-1'!$K$6:$K$436,MATCH($A25&"|"&$E25,'Evaluation-1'!$P$6:$P$436,0)),IFERROR(INDEX('Evaluation-1'!$K$6:$K$436,MATCH($E25,'Evaluation-1'!$G$6:$G$436,0)),""))),ISNUMBER(IFERROR(INDEX('Evaluation-1'!$L$6:$L$436,MATCH($A25&"|"&$E25,'Evaluation-1'!$P$6:$P$436,0)),IFERROR(INDEX('Evaluation-1'!$L$6:$L$436,MATCH($E25,'Evaluation-1'!$G$6:$G$436,0)),"")))),"Yes","No") -> Yes | Q25: =IF(L25<>"","Yes","No") -> No | R25: =IF('Ms. Ayushi Agarwal'!M9="","",'Ms. Ayushi Agarwal'!M9) | S25: =IF('Ms. Ayushi Agarwal'!N9="","",'Ms. Ayushi Agarwal'!N9) | T25: =IF('Ms. Ayushi Agarwal'!O9="","",'Ms. Ayushi Agarwal'!O9) | U25: =IF('Ms. Ayushi Agarwal'!P9="","",'Ms. Ayushi Agarwal'!P9) | V25: =IF('Ms. Ayushi Agarwal'!Q9="","",'Ms. Ayushi Agarwal'!Q9) | W25: =IF(COUNT(R25:V25)=0,"",SUM(R25:V25)) | X25: =IF('Ms. Ayushi Agarwal'!S9="","",'Ms. Ayushi Agarwal'!S9) | Y25: =IF('Ms. Ayushi Agarwal'!T9="","",'Ms. Ayushi Agarwal'!T9) | Z25: =IF('Ms. Ayushi Agarwal'!U9="","",'Ms. Ayushi Agarwal'!U9) | AA25: =IF('Ms. Ayushi Agarwal'!V9="","",'Ms. Ayushi Agarwal'!V9) | AB25: =IF('Ms. Ayushi Agarwal'!W9="","",'Ms. Ayushi Agarwal'!W9) | AC25: =IF(COUNT(X25:AB25)=0,"",SUM(X25:AB25)) | AD25: =IF(COUNT(M25,W25,AC25)=0,"",ROUND(SUM(M25,W25,AC25),2)) -> 5.4 | AE25: =IF(W25<>"","Yes","No") -> No | AF25: =IF(AC25<>"","Yes","No") -> No | AG25: =IF(A25<>"",A25,AG24) -> P_006 | AH25: =IF(B25<>"",B25,IF(A25<>"","",AH24)) | AI25: =IF(D25<>"",D25,AI24) -> Ms. Ayushi Agarwal
E26: 2400320100588 | F26: Kaustubh singh | G26: =IFERROR(INDEX('Evaluation-1'!$N$6:$N$436,MATCH($A26&"|"&$E26,'Evaluation-1'!$P$6:$P$436,0)),IFERROR(INDEX('Evaluation-1'!$N$6:$N$436,MATCH($E26,'Evaluation-1'!$G$6:$G$436,0)),"")) -> 5.4 | H26: =IF('Ms. Ayushi Agarwal'!F10="","",'Ms. Ayushi Agarwal'!F10) | I26: =IF('Ms. Ayushi Agarwal'!G10="","",'Ms. Ayushi Agarwal'!G10) | J26: =IF('Ms. Ayushi Agarwal'!H10="","",'Ms. Ayushi Agarwal'!H10) | K26: =IF('Ms. Ayushi Agarwal'!I10="","",'Ms. Ayushi Agarwal'!I10) | L26: =IF(COUNT(H26:K26)=0,"",SUM(H26:K26)) | M26: =IF(COUNT(G26,L26)=0,"",ROUND(SUM(G26,L26),2)) -> 5.4 | N26: =IF($G26="","Not in Evaluation-1",IF(TRIM(LOWER(IFERROR(INDEX('Evaluation-1'!$H$6:$H$436,MATCH($A26&"|"&$E26,'Evaluation-1'!$P$6:$P$436,0)),INDEX('Evaluation-1'!$H$6:$H$436,MATCH($E26,'Evaluation-1'!$G$6:$G$436,0)))))=TRIM(LOWER($F26)),"OK","CHECK NAME")) -> OK | O26: =IF(C26<>"",C26,O25) -> Mr. Akhilesh Kumar Srivastava | P26: =IF(OR(ISNUMBER(IFERROR(INDEX('Evaluation-1'!$K$6:$K$436,MATCH($A26&"|"&$E26,'Evaluation-1'!$P$6:$P$436,0)),IFERROR(INDEX('Evaluation-1'!$K$6:$K$436,MATCH($E26,'Evaluation-1'!$G$6:$G$436,0)),""))),ISNUMBER(IFERROR(INDEX('Evaluation-1'!$L$6:$L$436,MATCH($A26&"|"&$E26,'Evaluation-1'!$P$6:$P$436,0)),IFERROR(INDEX('Evaluation-1'!$L$6:$L$436,MATCH($E26,'Evaluation-1'!$G$6:$G$436,0)),"")))),"Yes","No") -> Yes | Q26: =IF(L26<>"","Yes","No") -> No | R26: =IF('Ms. Ayushi Agarwal'!M10="","",'Ms. Ayushi Agarwal'!M10) | S26: =IF('Ms. Ayushi Agarwal'!N10="","",'Ms. Ayushi Agarwal'!N10) | T26: =IF('Ms. Ayushi Agarwal'!O10="","",'Ms. Ayushi Agarwal'!O10) | U26: =IF('Ms. Ayushi Agarwal'!P10="","",'Ms. Ayushi Agarwal'!P10) | V26: =IF('Ms. Ayushi Agarwal'!Q10="","",'Ms. Ayushi Agarwal'!Q10) | W26: =IF(COUNT(R26:V26)=0,"",SUM(R26:V26)) | X26: =IF('Ms. Ayushi Agarwal'!S10="","",'Ms. Ayushi Agarwal'!S10) | Y26: =IF('Ms. Ayushi Agarwal'!T10="","",'Ms. Ayushi Agarwal'!T10) | Z26: =IF('Ms. Ayushi Agarwal'!U10="","",'Ms. Ayushi Agarwal'!U10) | AA26: =IF('Ms. Ayushi Agarwal'!V10="","",'Ms. Ayushi Agarwal'!V10) | AB26: =IF('Ms. Ayushi Agarwal'!W10="","",'Ms. Ayushi Agarwal'!W10) | AC26: =IF(COUNT(X26:AB26)=0,"",SUM(X26:AB26)) | AD26: =IF(COUNT(M26,W26,AC26)=0,"",ROUND(SUM(M26,W26,AC26),2)) -> 5.4 | AE26: =IF(W26<>"","Yes","No") -> No | AF26: =IF(AC26<>"","Yes","No") -> No | AG26: =IF(A26<>"",A26,AG25) -> P_006 | AH26: =IF(B26<>"",B26,IF(A26<>"","",AH25)) | AI26: =IF(D26<>"",D26,AI25) -> Ms. Ayushi Agarwal
E27: 2400320100635 | F27: Kushagra dubey | G27: =IFERROR(INDEX('Evaluation-1'!$N$6:$N$436,MATCH($A27&"|"&$E27,'Evaluation-1'!$P$6:$P$436,0)),IFERROR(INDEX('Evaluation-1'!$N$6:$N$436,MATCH($E27,'Evaluation-1'!$G$6:$G$436,0)),"")) -> 5.4 | H27: =IF('Ms. Ayushi Agarwal'!F11="","",'Ms. Ayushi Agarwal'!F11) | I27: =IF('Ms. Ayushi Agarwal'!G11="","",'Ms. Ayushi Agarwal'!G11) | J27: =IF('Ms. Ayushi Agarwal'!H11="","",'Ms. Ayushi Agarwal'!H11) | K27: =IF('Ms. Ayushi Agarwal'!I11="","",'Ms. Ayushi Agarwal'!I11) | L27: =IF(COUNT(H27:K27)=0,"",SUM(H27:K27)) | M27: =IF(COUNT(G27,L27)=0,"",ROUND(SUM(G27,L27),2)) -> 5.4 | N27: =IF($G27="","Not in Evaluation-1",IF(TRIM(LOWER(IFERROR(INDEX('Evaluation-1'!$H$6:$H$436,MATCH($A27&"|"&$E27,'Evaluation-1'!$P$6:$P$436,0)),INDEX('Evaluation-1'!$H$6:$H$436,MATCH($E27,'Evaluation-1'!$G$6:$G$436,0)))))=TRIM(LOWER($F27)),"OK","CHECK NAME")) -> OK | O27: =IF(C27<>"",C27,O26) -> Mr. Akhilesh Kumar Srivastava | P27: =IF(OR(ISNUMBER(IFERROR(INDEX('Evaluation-1'!$K$6:$K$436,MATCH($A27&"|"&$E27,'Evaluation-1'!$P$6:$P$436,0)),IFERROR(INDEX('Evaluation-1'!$K$6:$K$436,MATCH($E27,'Evaluation-1'!$G$6:$G$436,0)),""))),ISNUMBER(IFERROR(INDEX('Evaluation-1'!$L$6:$L$436,MATCH($A27&"|"&$E27,'Evaluation-1'!$P$6:$P$436,0)),IFERROR(INDEX('Evaluation-1'!$L$6:$L$436,MATCH($E27,'Evaluation-1'!$G$6:$G$436,0)),"")))),"Yes","No") -> Yes | Q27: =IF(L27<>"","Yes","No") -> No | R27: =IF('Ms. Ayushi Agarwal'!M11="","",'Ms. Ayushi Agarwal'!M11) | S27: =IF('Ms. Ayushi Agarwal'!N11="","",'Ms. Ayushi Agarwal'!N11) | T27: =IF('Ms. Ayushi Agarwal'!O11="","",'Ms. Ayushi Agarwal'!O11) | U27: =IF('Ms. Ayushi Agarwal'!P11="","",'Ms. Ayushi Agarwal'!P11) | V27: =IF('Ms. Ayushi Agarwal'!Q11="","",'Ms. Ayushi Agarwal'!Q11) | W27: =IF(COUNT(R27:V27)=0,"",SUM(R27:V27)) | X27: =IF('Ms. Ayushi Agarwal'!S11="","",'Ms. Ayushi Agarwal'!S11) | Y27: =IF('Ms. Ayushi Agarwal'!T11="","",'Ms. Ayushi Agarwal'!T11) | Z27: =IF('Ms. Ayushi Agarwal'!U11="","",'Ms. Ayushi Agarwal'!U11) | AA27: =IF('Ms. Ayushi Agarwal'!V11="","",'Ms. Ayushi Agarwal'!V11) | AB27: =IF('Ms. Ayushi Agarwal'!W11="","",'Ms. Ayushi Agarwal'!W11) | AC27: =IF(COUNT(X27:AB27)=0,"",SUM(X27:AB27)) | AD27: =IF(COUNT(M27,W27,AC27)=0,"",ROUND(SUM(M27,W27,AC27),2)) -> 5.4 | AE27: =IF(W27<>"","Yes","No") -> No | AF27: =IF(AC27<>"","Yes","No") -> No | AG27: =IF(A27<>"",A27,AG26) -> P_006 | AH27: =IF(B27<>"",B27,IF(A27<>"","",AH26)) | AI27: =IF(D27<>"",D27,AI26) -> Ms. Ayushi Agarwal
A28: P_007 | B28: =IF('Ms. Ayushi Agarwal'!B12="","",'Ms. Ayushi Agarwal'!B12) | E28: 2400320100623 | F28: Krish Varshney | G28: =IFERROR(INDEX('Evaluation-1'!$N$6:$N$436,MATCH($A28&"|"&$E28,'Evaluation-1'!$P$6:$P$436,0)),IFERROR(INDEX('Evaluation-1'!$N$6:$N$436,MATCH($E28,'Evaluation-1'!$G$6:$G$436,0)),"")) -> 0 | H28: =IF('Ms. Ayushi Agarwal'!F12="","",'Ms. Ayushi Agarwal'!F12) | I28: =IF('Ms. Ayushi Agarwal'!G12="","",'Ms. Ayushi Agarwal'!G12) | J28: =IF('Ms. Ayushi Agarwal'!H12="","",'Ms. Ayushi Agarwal'!H12) | K28: =IF('Ms. Ayushi Agarwal'!I12="","",'Ms. Ayushi Agarwal'!I12) | L28: =IF(COUNT(H28:K28)=0,"",SUM(H28:K28)) | M28: =IF(COUNT(G28,L28)=0,"",ROUND(SUM(G28,L28),2)) -> 0 | N28: =IF($G28="","Not in Evaluation-1",IF(TRIM(LOWER(IFERROR(INDEX('Evaluation-1'!$H$6:$H$436,MATCH($A28&"|"&$E28,'Evaluation-1'!$P$6:$P$436,0)),INDEX('Evaluation-1'!$H$6:$H$436,MATCH($E28,'Evaluation-1'!$G$6:$G$436,0)))))=TRIM(LOWER($F28)),"OK","CHECK NAME")) -> OK | O28: =IF(C28<>"",C28,O27) -> Mr. Akhilesh Kumar Srivastava | P28: =IF(OR(ISNUMBER(IFERROR(INDEX('Evaluation-1'!$K$6:$K$436,MATCH($A28&"|"&$E28,'Evaluation-1'!$P$6:$P$436,0)),IFERROR(INDEX('Evaluation-1'!$K$6:$K$436,MATCH($E28,'Evaluation-1'!$G$6:$G$436,0)),""))),ISNUMBER(IFERROR(INDEX('Evaluation-1'!$L$6:$L$436,MATCH($A28&"|"&$E28,'Evaluation-1'!$P$6:$P$436,0)),IFERROR(INDEX('Evaluation-1'!$L$6:$L$436,MATCH($E28,'Evaluation-1'!$G$6:$G$436,0)),"")))),"Yes","No") -> Yes | Q28: =IF(L28<>"","Yes","No") -> No | R28: =IF('Ms. Ayushi Agarwal'!M12="","",'Ms. Ayushi Agarwal'!M12) | S28: =IF('Ms. Ayushi Agarwal'!N12="","",'Ms. Ayushi Agarwal'!N12) | T28: =IF('Ms. Ayushi Agarwal'!O12="","",'Ms. Ayushi Agarwal'!O12) | U28: =IF('Ms. Ayushi Agarwal'!P12="","",'Ms. Ayushi Agarwal'!P12) | V28: =IF('Ms. Ayushi Agarwal'!Q12="","",'Ms. Ayushi Agarwal'!Q12) | W28: =IF(COUNT(R28:V28)=0,"",SUM(R28:V28)) | X28: =IF('Ms. Ayushi Agarwal'!S12="","",'Ms. Ayushi Agarwal'!S12) | Y28: =IF('Ms. Ayushi Agarwal'!T12="","",'Ms. Ayushi Agarwal'!T12) | Z28: =IF('Ms. Ayushi Agarwal'!U12="","",'Ms. Ayushi Agarwal'!U12) | AA28: =IF('Ms. Ayushi Agarwal'!V12="","",'Ms. Ayushi Agarwal'!V12) | AB28: =IF('Ms. Ayushi Agarwal'!W12="","",'Ms. Ayushi Agarwal'!W12) | AC28: =IF(COUNT(X28:AB28)=0,"",SUM(X28:AB28)) | AD28: =IF(COUNT(M28,W28,AC28)=0,"",ROUND(SUM(M28,W28,AC28),2)) -> 0 | AE28: =IF(W28<>"","Yes","No") -> No | AF28: =IF(AC28<>"","Yes","No") -> No | AG28: =IF(A28<>"",A28,AG27) -> P_007 | AH28: =IF(B28<>"",B28,IF(A28<>"","",AH27)) | AI28: =IF(D28<>"",D28,AI27) -> Ms. Ayushi Agarwal
E29: 2400320100646 | F29: Love yadav | G29: =IFERROR(INDEX('Evaluation-1'!$N$6:$N$436,MATCH($A29&"|"&$E29,'Evaluation-1'!$P$6:$P$436,0)),IFERROR(INDEX('Evaluation-1'!$N$6:$N$436,MATCH($E29,'Evaluation-1'!$G$6:$G$436,0)),"")) -> 0 | H29: =IF('Ms. Ayushi Agarwal'!F13="","",'Ms. Ayushi Agarwal'!F13) | I29: =IF('Ms. Ayushi Agarwal'!G13="","",'Ms. Ayushi Agarwal'!G13) | J29: =IF('Ms. Ayushi Agarwal'!H13="","",'Ms. Ayushi Agarwal'!H13) | K29: =IF('Ms. Ayushi Agarwal'!I13="","",'Ms. Ayushi Agarwal'!I13) | L29: =IF(COUNT(H29:K29)=0,"",SUM(H29:K29)) | M29: =IF(COUNT(G29,L29)=0,"",ROUND(SUM(G29,L29),2)) -> 0 | N29: =IF($G29="","Not in Evaluation-1",IF(TRIM(LOWER(IFERROR(INDEX('Evaluation-1'!$H$6:$H$436,MATCH($A29&"|"&$E29,'Evaluation-1'!$P$6:$P$436,0)),INDEX('Evaluation-1'!$H$6:$H$436,MATCH($E29,'Evaluation-1'!$G$6:$G$436,0)))))=TRIM(LOWER($F29)),"OK","CHECK NAME")) -> OK | O29: =IF(C29<>"",C29,O28) -> Mr. Akhilesh Kumar Srivastava | P29: =IF(OR(ISNUMBER(IFERROR(INDEX('Evaluation-1'!$K$6:$K$436,MATCH($A29&"|"&$E29,'Evaluation-1'!$P$6:$P$436,0)),IFERROR(INDEX('Evaluation-1'!$K$6:$K$436,MATCH($E29,'Evaluation-1'!$G$6:$G$436,0)),""))),ISNUMBER(IFERROR(INDEX('Evaluation-1'!$L$6:$L$436,MATCH($A29&"|"&$E29,'Evaluation-1'!$P$6:$P$436,0)),IFERROR(INDEX('Evaluation-1'!$L$6:$L$436,MATCH($E29,'Evaluation-1'!$G$6:$G$436,0)),"")))),"Yes","No") -> Yes | Q29: =IF(L29<>"","Yes","No") -> No | R29: =IF('Ms. Ayushi Agarwal'!M13="","",'Ms. Ayushi Agarwal'!M13) | S29: =IF('Ms. Ayushi Agarwal'!N13="","",'Ms. Ayushi Agarwal'!N13) | T29: =IF('Ms. Ayushi Agarwal'!O13="","",'Ms. Ayushi Agarwal'!O13) | U29: =IF('Ms. Ayushi Agarwal'!P13="","",'Ms. Ayushi Agarwal'!P13) | V29: =IF('Ms. Ayushi Agarwal'!Q13="","",'Ms. Ayushi Agarwal'!Q13) | W29: =IF(COUNT(R29:V29)=0,"",SUM(R29:V29)) | X29: =IF('Ms. Ayushi Agarwal'!S13="","",'Ms. Ayushi Agarwal'!S13) | Y29: =IF('Ms. Ayushi Agarwal'!T13="","",'Ms. Ayushi Agarwal'!T13) | Z29: =IF('Ms. Ayushi Agarwal'!U13="","",'Ms. Ayushi Agarwal'!U13) | AA29: =IF('Ms. Ayushi Agarwal'!V13="","",'Ms. Ayushi Agarwal'!V13) | AB29: =IF('Ms. Ayushi Agarwal'!W13="","",'Ms. Ayushi Agarwal'!W13) | AC29: =IF(COUNT(X29:AB29)=0,"",SUM(X29:AB29)) | AD29: =IF(COUNT(M29,W29,AC29)=0,"",ROUND(SUM(M29,W29,AC29),2)) -> 0 | AE29: =IF(W29<>"","Yes","No") -> No | AF29: =IF(AC29<>"","Yes","No") -> No | AG29: =IF(A29<>"",A29,AG28) -> P_007 | AH29: =IF(B29<>"",B29,IF(A29<>"","",AH28)) | AI29: =IF(D29<>"",D29,AI28) -> Ms. Ayushi Agarwal
E30: 2400320100639 | F30: Lakshay kashyap | G30: =IFERROR(INDEX('Evaluation-1'!$N$6:$N$436,MATCH($A30&"|"&$E30,'Evaluation-1'!$P$6:$P$436,0)),IFERROR(INDEX('Evaluation-1'!$N$6:$N$436,MATCH($E30,'Evaluation-1'!$G$6:$G$436,0)),"")) -> 0 | H30: =IF('Ms. Ayushi Agarwal'!F14="","",'Ms. Ayushi Agarwal'!F14) | I30: =IF('Ms. Ayushi Agarwal'!G14="","",'Ms. Ayushi Agarwal'!G14) | J30: =IF('Ms. Ayushi Agarwal'!H14="","",'Ms. Ayushi Agarwal'!H14) | K30: =IF('Ms. Ayushi Agarwal'!I14="","",'Ms. Ayushi Agarwal'!I14) | L30: =IF(COUNT(H30:K30)=0,"",SUM(H30:K30)) | M30: =IF(COUNT(G30,L30)=0,"",ROUND(SUM(G30,L30),2)) -> 0 | N30: =IF($G30="","Not in Evaluation-1",IF(TRIM(LOWER(IFERROR(INDEX('Evaluation-1'!$H$6:$H$436,MATCH($A30&"|"&$E30,'Evaluation-1'!$P$6:$P$436,0)),INDEX('Evaluation-1'!$H$6:$H$436,MATCH($E30,'Evaluation-1'!$G$6:$G$436,0)))))=TRIM(LOWER($F30)),"OK","CHECK NAME")) -> OK | O30: =IF(C30<>"",C30,O29) -> Mr. Akhilesh Kumar Srivastava | P30: =IF(OR(ISNUMBER(IFERROR(INDEX('Evaluation-1'!$K$6:$K$436,MATCH($A30&"|"&$E30,'Evaluation-1'!$P$6:$P$436,0)),IFERROR(INDEX('Evaluation-1'!$K$6:$K$436,MATCH($E30,'Evaluation-1'!$G$6:$G$436,0)),""))),ISNUMBER(IFERROR(INDEX('Evaluation-1'!$L$6:$L$436,MATCH($A30&"|"&$E30,'Evaluation-1'!$P$6:$P$436,0)),IFERROR(INDEX('Evaluation-1'!$L$6:$L$436,MATCH($E30,'Evaluation-1'!$G$6:$G$436,0)),"")))),"Yes","No") -> Yes | Q30: =IF(L30<>"","Yes","No") -> No | R30: =IF('Ms. Ayushi Agarwal'!M14="","",'Ms. Ayushi Agarwal'!M14) | S30: =IF('Ms. Ayushi Agarwal'!N14="","",'Ms. Ayushi Agarwal'!N14) | T30: =IF('Ms. Ayushi Agarwal'!O14="","",'Ms. Ayushi Agarwal'!O14) | U30: =IF('Ms. Ayushi Agarwal'!P14="","",'Ms. Ayushi Agarwal'!P14) | V30: =IF('Ms. Ayushi Agarwal'!Q14="","",'Ms. Ayushi Agarwal'!Q14) | W30: =IF(COUNT(R30:V30)=0,"",SUM(R30:V30)) | X30: =IF('Ms. Ayushi Agarwal'!S14="","",'Ms. Ayushi Agarwal'!S14) | Y30: =IF('Ms. Ayushi Agarwal'!T14="","",'Ms. Ayushi Agarwal'!T14) | Z30: =IF('Ms. Ayushi Agarwal'!U14="","",'Ms. Ayushi Agarwal'!U14) | AA30: =IF('Ms. Ayushi Agarwal'!V14="","",'Ms. Ayushi Agarwal'!V14) | AB30: =IF('Ms. Ayushi Agarwal'!W14="","",'Ms. Ayushi Agarwal'!W14) | AC30: =IF(COUNT(X30:AB30)=0,"",SUM(X30:AB30)) | AD30: =IF(COUNT(M30,W30,AC30)=0,"",ROUND(SUM(M30,W30,AC30),2)) -> 0 | AE30: =IF(W30<>"","Yes","No") -> No | AF30: =IF(AC30<>"","Yes","No") -> No | AG30: =IF(A30<>"",A30,AG29) -> P_007 | AH30: =IF(B30<>"",B30,IF(A30<>"","",AH29)) | AI30: =IF(D30<>"",D30,AI29) -> Ms. Ayushi Agarwal
E31: 2400320100579 | F31: Karun pandey | G31: =IFERROR(INDEX('Evaluation-1'!$N$6:$N$436,MATCH($A31&"|"&$E31,'Evaluation-1'!$P$6:$P$436,0)),IFERROR(INDEX('Evaluation-1'!$N$6:$N$436,MATCH($E31,'Evaluation-1'!$G$6:$G$436,0)),"")) -> 0 | H31: =IF('Ms. Ayushi Agarwal'!F15="","",'Ms. Ayushi Agarwal'!F15) | I31: =IF('Ms. Ayushi Agarwal'!G15="","",'Ms. Ayushi Agarwal'!G15) | J31: =IF('Ms. Ayushi Agarwal'!H15="","",'Ms. Ayushi Agarwal'!H15) | K31: =IF('Ms. Ayushi Agarwal'!I15="","",'Ms. Ayushi Agarwal'!I15) | L31: =IF(COUNT(H31:K31)=0,"",SUM(H31:K31)) | M31: =IF(COUNT(G31,L31)=0,"",ROUND(SUM(G31,L31),2)) -> 0 | N31: =IF($G31="","Not in Evaluation-1",IF(TRIM(LOWER(IFERROR(INDEX('Evaluation-1'!$H$6:$H$436,MATCH($A31&"|"&$E31,'Evaluation-1'!$P$6:$P$436,0)),INDEX('Evaluation-1'!$H$6:$H$436,MATCH($E31,'Evaluation-1'!$G$6:$G$436,0)))))=TRIM(LOWER($F31)),"OK","CHECK NAME")) -> OK | O31: =IF(C31<>"",C31,O30) -> Mr. Akhilesh Kumar Srivastava | P31: =IF(OR(ISNUMBER(IFERROR(INDEX('Evaluation-1'!$K$6:$K$436,MATCH($A31&"|"&$E31,'Evaluation-1'!$P$6:$P$436,0)),IFERROR(INDEX('Evaluation-1'!$K$6:$K$436,MATCH($E31,'Evaluation-1'!$G$6:$G$436,0)),""))),ISNUMBER(IFERROR(INDEX('Evaluation-1'!$L$6:$L$436,MATCH($A31&"|"&$E31,'Evaluation-1'!$P$6:$P$436,0)),IFERROR(INDEX('Evaluation-1'!$L$6:$L$436,MATCH($E31,'Evaluation-1'!$G$6:$G$436,0)),"")))),"Yes","No") -> Yes | Q31: =IF(L31<>"","Yes","No") -> No | R31: =IF('Ms. Ayushi Agarwal'!M15="","",'Ms. Ayushi Agarwal'!M15) | S31: =IF('Ms. Ayushi Agarwal'!N15="","",'Ms. Ayushi Agarwal'!N15) | T31: =IF('Ms. Ayushi Agarwal'!O15="","",'Ms. Ayushi Agarwal'!O15) | U31: =IF('Ms. Ayushi Agarwal'!P15="","",'Ms. Ayushi Agarwal'!P15) | V31: =IF('Ms. Ayushi Agarwal'!Q15="","",'Ms. Ayushi Agarwal'!Q15) | W31: =IF(COUNT(R31:V31)=0,"",SUM(R31:V31)) | X31: =IF('Ms. Ayushi Agarwal'!S15="","",'Ms. Ayushi Agarwal'!S15) | Y31: =IF('Ms. Ayushi Agarwal'!T15="","",'Ms. Ayushi Agarwal'!T15) | Z31: =IF('Ms. Ayushi Agarwal'!U15="","",'Ms. Ayushi Agarwal'!U15) | AA31: =IF('Ms. Ayushi Agarwal'!V15="","",'Ms. Ayushi Agarwal'!V15) | AB31: =IF('Ms. Ayushi Agarwal'!W15="","",'Ms. Ayushi Agarwal'!W15) | AC31: =IF(COUNT(X31:AB31)=0,"",SUM(X31:AB31)) | AD31: =IF(COUNT(M31,W31,AC31)=0,"",ROUND(SUM(M31,W31,AC31),2)) -> 0 | AE31: =IF(W31<>"","Yes","No") -> No | AF31: =IF(AC31<>"","Yes","No") -> No | AG31: =IF(A31<>"",A31,AG30) -> P_007 | AH31: =IF(B31<>"",B31,IF(A31<>"","",AH30)) | AI31: =IF(D31<>"",D31,AI30) -> Ms. Ayushi Agarwal
A32: P_008 | B32: =IF('Ms. Ayushi Agarwal'!B16="","",'Ms. Ayushi Agarwal'!B16) | E32: 2400320100619 | F32: Krish mavi | G32: =IFERROR(INDEX('Evaluation-1'!$N$6:$N$436,MATCH($A32&"|"&$E32,'Evaluation-1'!$P$6:$P$436,0)),IFERROR(INDEX('Evaluation-1'!$N$6:$N$436,MATCH($E32,'Evaluation-1'!$G$6:$G$436,0)),"")) -> 0 | H32: =IF('Ms. Ayushi Agarwal'!F16="","",'Ms. Ayushi Agarwal'!F16) | I32: =IF('Ms. Ayushi Agarwal'!G16="","",'Ms. Ayushi Agarwal'!G16) | J32: =IF('Ms. Ayushi Agarwal'!H16="","",'Ms. Ayushi Agarwal'!H16) | K32: =IF('Ms. Ayushi Agarwal'!I16="","",'Ms. Ayushi Agarwal'!I16) | L32: =IF(COUNT(H32:K32)=0,"",SUM(H32:K32)) | M32: =IF(COUNT(G32,L32)=0,"",ROUND(SUM(G32,L32),2)) -> 0 | N32: =IF($G32="","Not in Evaluation-1",IF(TRIM(LOWER(IFERROR(INDEX('Evaluation-1'!$H$6:$H$436,MATCH($A32&"|"&$E32,'Evaluation-1'!$P$6:$P$436,0)),INDEX('Evaluation-1'!$H$6:$H$436,MATCH($E32,'Evaluation-1'!$G$6:$G$436,0)))))=TRIM(LOWER($F32)),"OK","CHECK NAME")) -> OK | O32: =IF(C32<>"",C32,O31) -> Mr. Akhilesh Kumar Srivastava | P32: =IF(OR(ISNUMBER(IFERROR(INDEX('Evaluation-1'!$K$6:$K$436,MATCH($A32&"|"&$E32,'Evaluation-1'!$P$6:$P$436,0)),IFERROR(INDEX('Evaluation-1'!$K$6:$K$436,MATCH($E32,'Evaluation-1'!$G$6:$G$436,0)),""))),ISNUMBER(IFERROR(INDEX('Evaluation-1'!$L$6:$L$436,MATCH($A32&"|"&$E32,'Evaluation-1'!$P$6:$P$436,0)),IFERROR(INDEX('Evaluation-1'!$L$6:$L$436,MATCH($E32,'Evaluation-1'!$G$6:$G$436,0)),"")))),"Yes","No") -> Yes | Q32: =IF(L32<>"","Yes","No") -> No | R32: =IF('Ms. Ayushi Agarwal'!M16="","",'Ms. Ayushi Agarwal'!M16) | S32: =IF('Ms. Ayushi Agarwal'!N16="","",'Ms. Ayushi Agarwal'!N16) | T32: =IF('Ms. Ayushi Agarwal'!O16="","",'Ms. Ayushi Agarwal'!O16) | U32: =IF('Ms. Ayushi Agarwal'!P16="","",'Ms. Ayushi Agarwal'!P16) | V32: =IF('Ms. Ayushi Agarwal'!Q16="","",'Ms. Ayushi Agarwal'!Q16) | W32: =IF(COUNT(R32:V32)=0,"",SUM(R32:V32)) | X32: =IF('Ms. Ayushi Agarwal'!S16="","",'Ms. Ayushi Agarwal'!S16) | Y32: =IF('Ms. Ayushi Agarwal'!T16="","",'Ms. Ayushi Agarwal'!T16) | Z32: =IF('Ms. Ayushi Agarwal'!U16="","",'Ms. Ayushi Agarwal'!U16) | AA32: =IF('Ms. Ayushi Agarwal'!V16="","",'Ms. Ayushi Agarwal'!V16) | AB32: =IF('Ms. Ayushi Agarwal'!W16="","",'Ms. Ayushi Agarwal'!W16) | AC32: =IF(COUNT(X32:AB32)=0,"",SUM(X32:AB32)) | AD32: =IF(COUNT(M32,W32,AC32)=0,"",ROUND(SUM(M32,W32,AC32),2)) -> 0 | AE32: =IF(W32<>"","Yes","No") -> No | AF32: =IF(AC32<>"","Yes","No") -> No | AG32: =IF(A32<>"",A32,AG31) -> P_008 | AH32: =IF(B32<>"",B32,IF(A32<>"","",AH31)) | AI32: =IF(D32<>"",D32,AI31) -> Ms. Ayushi Agarwal
E33: 2400320100574 | F33: Kartik tyagi | G33: =IFERROR(INDEX('Evaluation-1'!$N$6:$N$436,MATCH($A33&"|"&$E33,'Evaluation-1'!$P$6:$P$436,0)),IFERROR(INDEX('Evaluation-1'!$N$6:$N$436,MATCH($E33,'Evaluation-1'!$G$6:$G$436,0)),"")) -> 0 | H33: =IF('Ms. Ayushi Agarwal'!F17="","",'Ms. Ayushi Agarwal'!F17) | I33: =IF('Ms. Ayushi Agarwal'!G17="","",'Ms. Ayushi Agarwal'!G17) | J33: =IF('Ms. Ayushi Agarwal'!H17="","",'Ms. Ayushi Agarwal'!H17) | K33: =IF('Ms. Ayushi Agarwal'!I17="","",'Ms. Ayushi Agarwal'!I17) | L33: =IF(COUNT(H33:K33)=0,"",SUM(H33:K33)) | M33: =IF(COUNT(G33,L33)=0,"",ROUND(SUM(G33,L33),2)) -> 0 | N33: =IF($G33="","Not in Evaluation-1",IF(TRIM(LOWER(IFERROR(INDEX('Evaluation-1'!$H$6:$H$436,MATCH($A33&"|"&$E33,'Evaluation-1'!$P$6:$P$436,0)),INDEX('Evaluation-1'!$H$6:$H$436,MATCH($E33,'Evaluation-1'!$G$6:$G$436,0)))))=TRIM(LOWER($F33)),"OK","CHECK NAME")) -> OK | O33: =IF(C33<>"",C33,O32) -> Mr. Akhilesh Kumar Srivastava | P33: =IF(OR(ISNUMBER(IFERROR(INDEX('Evaluation-1'!$K$6:$K$436,MATCH($A33&"|"&$E33,'Evaluation-1'!$P$6:$P$436,0)),IFERROR(INDEX('Evaluation-1'!$K$6:$K$436,MATCH($E33,'Evaluation-1'!$G$6:$G$436,0)),""))),ISNUMBER(IFERROR(INDEX('Evaluation-1'!$L$6:$L$436,MATCH($A33&"|"&$E33,'Evaluation-1'!$P$6:$P$436,0)),IFERROR(INDEX('Evaluation-1'!$L$6:$L$436,MATCH($E33,'Evaluation-1'!$G$6:$G$436,0)),"")))),"Yes","No") -> Yes | Q33: =IF(L33<>"","Yes","No") -> No | R33: =IF('Ms. Ayushi Agarwal'!M17="","",'Ms. Ayushi Agarwal'!M17) | S33: =IF('Ms. Ayushi Agarwal'!N17="","",'Ms. Ayushi Agarwal'!N17) | T33: =IF('Ms. Ayushi Agarwal'!O17="","",'Ms. Ayushi Agarwal'!O17) | U33: =IF('Ms. Ayushi Agarwal'!P17="","",'Ms. Ayushi Agarwal'!P17) | V33: =IF('Ms. Ayushi Agarwal'!Q17="","",'Ms. Ayushi Agarwal'!Q17) | W33: =IF(COUNT(R33:V33)=0,"",SUM(R33:V33)) | X33: =IF('Ms. Ayushi Agarwal'!S17="","",'Ms. Ayushi Agarwal'!S17) | Y33: =IF('Ms. Ayushi Agarwal'!T17="","",'Ms. Ayushi Agarwal'!T17) | Z33: =IF('Ms. Ayushi Agarwal'!U17="","",'Ms. Ayushi Agarwal'!U17) | AA33: =IF('Ms. Ayushi Agarwal'!V17="","",'Ms. Ayushi Agarwal'!V17) | AB33: =IF('Ms. Ayushi Agarwal'!W17="","",'Ms. Ayushi Agarwal'!W17) | AC33: =IF(COUNT(X33:AB33)=0,"",SUM(X33:AB33)) | AD33: =IF(COUNT(M33,W33,AC33)=0,"",ROUND(SUM(M33,W33,AC33),2)) -> 0 | AE33: =IF(W33<>"","Yes","No") -> No | AF33: =IF(AC33<>"","Yes","No") -> No | AG33: =IF(A33<>"",A33,AG32) -> P_008 | AH33: =IF(B33<>"",B33,IF(A33<>"","",AH32)) | AI33: =IF(D33<>"",D33,AI32) -> Ms. Ayushi Agarwal
E34: 2400320100629 | F34: Kukkala shalom pradeep | G34: =IFERROR(INDEX('Evaluation-1'!$N$6:$N$436,MATCH($A34&"|"&$E34,'Evaluation-1'!$P$6:$P$436,0)),IFERROR(INDEX('Evaluation-1'!$N$6:$N$436,MATCH($E34,'Evaluation-1'!$G$6:$G$436,0)),"")) -> 0 | H34: =IF('Ms. Ayushi Agarwal'!F18="","",'Ms. Ayushi Agarwal'!F18) | I34: =IF('Ms. Ayushi Agarwal'!G18="","",'Ms. Ayushi Agarwal'!G18) | J34: =IF('Ms. Ayushi Agarwal'!H18="","",'Ms. Ayushi Agarwal'!H18) | K34: =IF('Ms. Ayushi Agarwal'!I18="","",'Ms. Ayushi Agarwal'!I18) | L34: =IF(COUNT(H34:K34)=0,"",SUM(H34:K34)) | M34: =IF(COUNT(G34,L34)=0,"",ROUND(SUM(G34,L34),2)) -> 0 | N34: =IF($G34="","Not in Evaluation-1",IF(TRIM(LOWER(IFERROR(INDEX('Evaluation-1'!$H$6:$H$436,MATCH($A34&"|"&$E34,'Evaluation-1'!$P$6:$P$436,0)),INDEX('Evaluation-1'!$H$6:$H$436,MATCH($E34,'Evaluation-1'!$G$6:$G$436,0)))))=TRIM(LOWER($F34)),"OK","CHECK NAME")) -> OK | O34: =IF(C34<>"",C34,O33) -> Mr. Akhilesh Kumar Srivastava | P34: =IF(OR(ISNUMBER(IFERROR(INDEX('Evaluation-1'!$K$6:$K$436,MATCH($A34&"|"&$E34,'Evaluation-1'!$P$6:$P$436,0)),IFERROR(INDEX('Evaluation-1'!$K$6:$K$436,MATCH($E34,'Evaluation-1'!$G$6:$G$436,0)),""))),ISNUMBER(IFERROR(INDEX('Evaluation-1'!$L$6:$L$436,MATCH($A34&"|"&$E34,'Evaluation-1'!$P$6:$P$436,0)),IFERROR(INDEX('Evaluation-1'!$L$6:$L$436,MATCH($E34,'Evaluation-1'!$G$6:$G$436,0)),"")))),"Yes","No") -> Yes | Q34: =IF(L34<>"","Yes","No") -> No | R34: =IF('Ms. Ayushi Agarwal'!M18="","",'Ms. Ayushi Agarwal'!M18) | S34: =IF('Ms. Ayushi Agarwal'!N18="","",'Ms. Ayushi Agarwal'!N18) | T34: =IF('Ms. Ayushi Agarwal'!O18="","",'Ms. Ayushi Agarwal'!O18) | U34: =IF('Ms. Ayushi Agarwal'!P18="","",'Ms. Ayushi Agarwal'!P18) | V34: =IF('Ms. Ayushi Agarwal'!Q18="","",'Ms. Ayushi Agarwal'!Q18) | W34: =IF(COUNT(R34:V34)=0,"",SUM(R34:V34)) | X34: =IF('Ms. Ayushi Agarwal'!S18="","",'Ms. Ayushi Agarwal'!S18) | Y34: =IF('Ms. Ayushi Agarwal'!T18="","",'Ms. Ayushi Agarwal'!T18) | Z34: =IF('Ms. Ayushi Agarwal'!U18="","",'Ms. Ayushi Agarwal'!U18) | AA34: =IF('Ms. Ayushi Agarwal'!V18="","",'Ms. Ayushi Agarwal'!V18) | AB34: =IF('Ms. Ayushi Agarwal'!W18="","",'Ms. Ayushi Agarwal'!W18) | AC34: =IF(COUNT(X34:AB34)=0,"",SUM(X34:AB34)) | AD34: =IF(COUNT(M34,W34,AC34)=0,"",ROUND(SUM(M34,W34,AC34),2)) -> 0 | AE34: =IF(W34<>"","Yes","No") -> No | AF34: =IF(AC34<>"","Yes","No") -> No | AG34: =IF(A34<>"",A34,AG33) -> P_008 | AH34: =IF(B34<>"",B34,IF(A34<>"","",AH33)) | AI34: =IF(D34<>"",D34,AI33) -> Ms. Ayushi Agarwal
E35: 2400320100583 | F35: Kashish sharma | G35: =IFERROR(INDEX('Evaluation-1'!$N$6:$N$436,MATCH($A35&"|"&$E35,'Evaluation-1'!$P$6:$P$436,0)),IFERROR(INDEX('Evaluation-1'!$N$6:$N$436,MATCH($E35,'Evaluation-1'!$G$6:$G$436,0)),"")) -> 0 | H35: =IF('Ms. Ayushi Agarwal'!F19="","",'Ms. Ayushi Agarwal'!F19) | I35: =IF('Ms. Ayushi Agarwal'!G19="","",'Ms. Ayushi Agarwal'!G19) | J35: =IF('Ms. Ayushi Agarwal'!H19="","",'Ms. Ayushi Agarwal'!H19) | K35: =IF('Ms. Ayushi Agarwal'!I19="","",'Ms. Ayushi Agarwal'!I19) | L35: =IF(COUNT(H35:K35)=0,"",SUM(H35:K35)) | M35: =IF(COUNT(G35,L35)=0,"",ROUND(SUM(G35,L35),2)) -> 0 | N35: =IF($G35="","Not in Evaluation-1",IF(TRIM(LOWER(IFERROR(INDEX('Evaluation-1'!$H$6:$H$436,MATCH($A35&"|"&$E35,'Evaluation-1'!$P$6:$P$436,0)),INDEX('Evaluation-1'!$H$6:$H$436,MATCH($E35,'Evaluation-1'!$G$6:$G$436,0)))))=TRIM(LOWER($F35)),"OK","CHECK NAME")) -> OK | O35: =IF(C35<>"",C35,O34) -> Mr. Akhilesh Kumar Srivastava | P35: =IF(OR(ISNUMBER(IFERROR(INDEX('Evaluation-1'!$K$6:$K$436,MATCH($A35&"|"&$E35,'Evaluation-1'!$P$6:$P$436,0)),IFERROR(INDEX('Evaluation-1'!$K$6:$K$436,MATCH($E35,'Evaluation-1'!$G$6:$G$436,0)),""))),ISNUMBER(IFERROR(INDEX('Evaluation-1'!$L$6:$L$436,MATCH($A35&"|"&$E35,'Evaluation-1'!$P$6:$P$436,0)),IFERROR(INDEX('Evaluation-1'!$L$6:$L$436,MATCH($E35,'Evaluation-1'!$G$6:$G$436,0)),"")))),"Yes","No") -> Yes | Q35: =IF(L35<>"","Yes","No") -> No | R35: =IF('Ms. Ayushi Agarwal'!M19="","",'Ms. Ayushi Agarwal'!M19) | S35: =IF('Ms. Ayushi Agarwal'!N19="","",'Ms. Ayushi Agarwal'!N19) | T35: =IF('Ms. Ayushi Agarwal'!O19="","",'Ms. Ayushi Agarwal'!O19) | U35: =IF('Ms. Ayushi Agarwal'!P19="","",'Ms. Ayushi Agarwal'!P19) | V35: =IF('Ms. Ayushi Agarwal'!Q19="","",'Ms. Ayushi Agarwal'!Q19) | W35: =IF(COUNT(R35:V35)=0,"",SUM(R35:V35)) | X35: =IF('Ms. Ayushi Agarwal'!S19="","",'Ms. Ayushi Agarwal'!S19) | Y35: =IF('Ms. Ayushi Agarwal'!T19="","",'Ms. Ayushi Agarwal'!T19) | Z35: =IF('Ms. Ayushi Agarwal'!U19="","",'Ms. Ayushi Agarwal'!U19) | AA35: =IF('Ms. Ayushi Agarwal'!V19="","",'Ms. Ayushi Agarwal'!V19) | AB35: =IF('Ms. Ayushi Agarwal'!W19="","",'Ms. Ayushi Agarwal'!W19) | AC35: =IF(COUNT(X35:AB35)=0,"",SUM(X35:AB35)) | AD35: =IF(COUNT(M35,W35,AC35)=0,"",ROUND(SUM(M35,W35,AC35),2)) -> 0 | AE35: =IF(W35<>"","Yes","No") -> No | AF35: =IF(AC35<>"","Yes","No") -> No | AG35: =IF(A35<>"",A35,AG34) -> P_008 | AH35: =IF(B35<>"",B35,IF(A35<>"","",AH34)) | AI35: =IF(D35<>"",D35,AI34) -> Ms. Ayushi Agarwal
A36: P_009 | B36: =IF('Ms. Babli Kumari'!B4="","",'Ms. Babli Kumari'!B4) | C36: Ms. Ayushi Agarwal | D36: Ms. Babli Kumari | E36: 2400320100726 | F36: Naincy Sunilkumar Maurya | G36: =IFERROR(INDEX('Evaluation-1'!$N$6:$N$436,MATCH($A36&"|"&$E36,'Evaluation-1'!$P$6:$P$436,0)),IFERROR(INDEX('Evaluation-1'!$N$6:$N$436,MATCH($E36,'Evaluation-1'!$G$6:$G$436,0)),"")) -> 6 | H36: =IF('Ms. Babli Kumari'!F4="","",'Ms. Babli Kumari'!F4) | I36: =IF('Ms. Babli Kumari'!G4="","",'Ms. Babli Kumari'!G4) | J36: =IF('Ms. Babli Kumari'!H4="","",'Ms. Babli Kumari'!H4) | K36: =IF('Ms. Babli Kumari'!I4="","",'Ms. Babli Kumari'!I4) | L36: =IF(COUNT(H36:K36)=0,"",SUM(H36:K36)) | M36: =IF(COUNT(G36,L36)=0,"",ROUND(SUM(G36,L36),2)) -> 6 | N36: =IF($G36="","Not in Evaluation-1",IF(TRIM(LOWER(IFERROR(INDEX('Evaluation-1'!$H$6:$H$436,MATCH($A36&"|"&$E36,'Evaluation-1'!$P$6:$P$436,0)),INDEX('Evaluation-1'!$H$6:$H$436,MATCH($E36,'Evaluation-1'!$G$6:$G$436,0)))))=TRIM(LOWER($F36)),"OK","CHECK NAME")) -> OK | O36: =IF(C36<>"",C36,O35) -> Ms. Ayushi Agarwal | P36: =IF(OR(ISNUMBER(IFERROR(INDEX('Evaluation-1'!$K$6:$K$436,MATCH($A36&"|"&$E36,'Evaluation-1'!$P$6:$P$436,0)),IFERROR(INDEX('Evaluation-1'!$K$6:$K$436,MATCH($E36,'Evaluation-1'!$G$6:$G$436,0)),""))),ISNUMBER(IFERROR(INDEX('Evaluation-1'!$L$6:$L$436,MATCH($A36&"|"&$E36,'Evaluation-1'!$P$6:$P$436,0)),IFERROR(INDEX('Evaluation-1'!$L$6:$L$436,MATCH($E36,'Evaluation-1'!$G$6:$G$436,0)),"")))),"Yes","No") -> Yes | Q36: =IF(L36<>"","Yes","No") -> No | R36: =IF('Ms. Babli Kumari'!M4="","",'Ms. Babli Kumari'!M4) | S36: =IF('Ms. Babli Kumari'!N4="","",'Ms. Babli Kumari'!N4) | T36: =IF('Ms. Babli Kumari'!O4="","",'Ms. Babli Kumari'!O4) | U36: =IF('Ms. Babli Kumari'!P4="","",'Ms. Babli Kumari'!P4) | V36: =IF('Ms. Babli Kumari'!Q4="","",'Ms. Babli Kumari'!Q4) | W36: =IF(COUNT(R36:V36)=0,"",SUM(R36:V36)) | X36: =IF('Ms. Babli Kumari'!S4="","",'Ms. Babli Kumari'!S4) | Y36: =IF('Ms. Babli Kumari'!T4="","",'Ms. Babli Kumari'!T4) | Z36: =IF('Ms. Babli Kumari'!U4="","",'Ms. Babli Kumari'!U4) | AA36: =IF('Ms. Babli Kumari'!V4="","",'Ms. Babli Kumari'!V4) | AB36: =IF('Ms. Babli Kumari'!W4="","",'Ms. Babli Kumari'!W4) | AC36: =IF(COUNT(X36:AB36)=0,"",SUM(X36:AB36)) | AD36: =IF(COUNT(M36,W36,AC36)=0,"",ROUND(SUM(M36,W36,AC36),2)) -> 6 | AE36: =IF(W36<>"","Yes","No") -> No | AF36: =IF(AC36<>"","Yes","No") -> No | AG36: =IF(A36<>"",A36,AG35) -> P_009 | AH36: =IF(B36<>"",B36,IF(A36<>"","",AH35)) | AI36: =IF(D36<>"",D36,AI35) -> Ms. Babli Kumari
E37: 2400320100780 | F37: Pallavi Kushwaha | G37: =IFERROR(INDEX('Evaluation-1'!$N$6:$N$436,MATCH($A37&"|"&$E37,'Evaluation-1'!$P$6:$P$436,0)),IFERROR(INDEX('Evaluation-1'!$N$6:$N$436,MATCH($E37,'Evaluation-1'!$G$6:$G$436,0)),"")) -> 6 | H37: =IF('Ms. Babli Kumari'!F5="","",'Ms. Babli Kumari'!F5) | I37: =IF('Ms. Babli Kumari'!G5="","",'Ms. Babli Kumari'!G5) | J37: =IF('Ms. Babli Kumari'!H5="","",'Ms. Babli Kumari'!H5) | K37: =IF('Ms. Babli Kumari'!I5="","",'Ms. Babli Kumari'!I5) | L37: =IF(COUNT(H37:K37)=0,"",SUM(H37:K37)) | M37: =IF(COUNT(G37,L37)=0,"",ROUND(SUM(G37,L37),2)) -> 6 | N37: =IF($G37="","Not in Evaluation-1",IF(TRIM(LOWER(IFERROR(INDEX('Evaluation-1'!$H$6:$H$436,MATCH($A37&"|"&$E37,'Evaluation-1'!$P$6:$P$436,0)),INDEX('Evaluation-1'!$H$6:$H$436,MATCH($E37,'Evaluation-1'!$G$6:$G$436,0)))))=TRIM(LOWER($F37)),"OK","CHECK NAME")) -> OK | O37: =IF(C37<>"",C37,O36) -> Ms. Ayushi Agarwal | P37: =IF(OR(ISNUMBER(IFERROR(INDEX('Evaluation-1'!$K$6:$K$436,MATCH($A37&"|"&$E37,'Evaluation-1'!$P$6:$P$436,0)),IFERROR(INDEX('Evaluation-1'!$K$6:$K$436,MATCH($E37,'Evaluation-1'!$G$6:$G$436,0)),""))),ISNUMBER(IFERROR(INDEX('Evaluation-1'!$L$6:$L$436,MATCH($A37&"|"&$E37,'Evaluation-1'!$P$6:$P$436,0)),IFERROR(INDEX('Evaluation-1'!$L$6:$L$436,MATCH($E37,'Evaluation-1'!$G$6:$G$436,0)),"")))),"Yes","No") -> Yes | Q37: =IF(L37<>"","Yes","No") -> No | R37: =IF('Ms. Babli Kumari'!M5="","",'Ms. Babli Kumari'!M5) | S37: =IF('Ms. Babli Kumari'!N5="","",'Ms. Babli Kumari'!N5) | T37: =IF('Ms. Babli Kumari'!O5="","",'Ms. Babli Kumari'!O5) | U37: =IF('Ms. Babli Kumari'!P5="","",'Ms. Babli Kumari'!P5) | V37: =IF('Ms. Babli Kumari'!Q5="","",'Ms. Babli Kumari'!Q5) | W37: =IF(COUNT(R37:V37)=0,"",SUM(R37:V37)) | X37: =IF('Ms. Babli Kumari'!S5="","",'Ms. Babli Kumari'!S5) | Y37: =IF('Ms. Babli Kumari'!T5="","",'Ms. Babli Kumari'!T5) | Z37: =IF('Ms. Babli Kumari'!U5="","",'Ms. Babli Kumari'!U5) | AA37: =IF('Ms. Babli Kumari'!V5="","",'Ms. Babli Kumari'!V5) | AB37: =IF('Ms. Babli Kumari'!W5="","",'Ms. Babli Kumari'!W5) | AC37: =IF(COUNT(X37:AB37)=0,"",SUM(X37:AB37)) | AD37: =IF(COUNT(M37,W37,AC37)=0,"",ROUND(SUM(M37,W37,AC37),2)) -> 6 | AE37: =IF(W37<>"","Yes","No") -> No | AF37: =IF(AC37<>"","Yes","No") -> No | AG37: =IF(A37<>"",A37,AG36) -> P_009 | AH37: =IF(B37<>"",B37,IF(A37<>"","",AH36)) | AI37: =IF(D37<>"",D37,AI36) -> Ms. Babli Kumari
E38: 2400320100778 | F38: Palak Singh | G38: =IFERROR(INDEX('Evaluation-1'!$N$6:$N$436,MATCH($A38&"|"&$E38,'Evaluation-1'!$P$6:$P$436,0)),IFERROR(INDEX('Evaluation-1'!$N$6:$N$436,MATCH($E38,'Evaluation-1'!$G$6:$G$436,0)),"")) -> 6 | H38: =IF('Ms. Babli Kumari'!F6="","",'Ms. Babli Kumari'!F6) | I38: =IF('Ms. Babli Kumari'!G6="","",'Ms. Babli Kumari'!G6) | J38: =IF('Ms. Babli Kumari'!H6="","",'Ms. Babli Kumari'!H6) | K38: =IF('Ms. Babli Kumari'!I6="","",'Ms. Babli Kumari'!I6) | L38: =IF(COUNT(H38:K38)=0,"",SUM(H38:K38)) | M38: =IF(COUNT(G38,L38)=0,"",ROUND(SUM(G38,L38),2)) -> 6 | N38: =IF($G38="","Not in Evaluation-1",IF(TRIM(LOWER(IFERROR(INDEX('Evaluation-1'!$H$6:$H$436,MATCH($A38&"|"&$E38,'Evaluation-1'!$P$6:$P$436,0)),INDEX('Evaluation-1'!$H$6:$H$436,MATCH($E38,'Evaluation-1'!$G$6:$G$436,0)))))=TRIM(LOWER($F38)),"OK","CHECK NAME")) -> OK | O38: =IF(C38<>"",C38,O37) -> Ms. Ayushi Agarwal | P38: =IF(OR(ISNUMBER(IFERROR(INDEX('Evaluation-1'!$K$6:$K$436,MATCH($A38&"|"&$E38,'Evaluation-1'!$P$6:$P$436,0)),IFERROR(INDEX('Evaluation-1'!$K$6:$K$436,MATCH($E38,'Evaluation-1'!$G$6:$G$436,0)),""))),ISNUMBER(IFERROR(INDEX('Evaluation-1'!$L$6:$L$436,MATCH($A38&"|"&$E38,'Evaluation-1'!$P$6:$P$436,0)),IFERROR(INDEX('Evaluation-1'!$L$6:$L$436,MATCH($E38,'Evaluation-1'!$G$6:$G$436,0)),"")))),"Yes","No") -> Yes | Q38: =IF(L38<>"","Yes","No") -> No | R38: =IF('Ms. Babli Kumari'!M6="","",'Ms. Babli Kumari'!M6) | S38: =IF('Ms. Babli Kumari'!N6="","",'Ms. Babli Kumari'!N6) | T38: =IF('Ms. Babli Kumari'!O6="","",'Ms. Babli Kumari'!O6) | U38: =IF('Ms. Babli Kumari'!P6="","",'Ms. Babli Kumari'!P6) | V38: =IF('Ms. Babli Kumari'!Q6="","",'Ms. Babli Kumari'!Q6) | W38: =IF(COUNT(R38:V38)=0,"",SUM(R38:V38)) | X38: =IF('Ms. Babli Kumari'!S6="","",'Ms. Babli Kumari'!S6) | Y38: =IF('Ms. Babli Kumari'!T6="","",'Ms. Babli Kumari'!T6) | Z38: =IF('Ms. Babli Kumari'!U6="","",'Ms. Babli Kumari'!U6) | AA38: =IF('Ms. Babli Kumari'!V6="","",'Ms. Babli Kumari'!V6) | AB38: =IF('Ms. Babli Kumari'!W6="","",'Ms. Babli Kumari'!W6) | AC38: =IF(COUNT(X38:AB38)=0,"",SUM(X38:AB38)) | AD38: =IF(COUNT(M38,W38,AC38)=0,"",ROUND(SUM(M38,W38,AC38),2)) -> 6 | AE38: =IF(W38<>"","Yes","No") -> No | AF38: =IF(AC38<>"","Yes","No") -> No | AG38: =IF(A38<>"",A38,AG37) -> P_009 | AH38: =IF(B38<>"",B38,IF(A38<>"","",AH37)) | AI38: =IF(D38<>"",D38,AI37) -> Ms. Babli Kumari
E39: 2400320100738 | F39: Navya Garg | G39: =IFERROR(INDEX('Evaluation-1'!$N$6:$N$436,MATCH($A39&"|"&$E39,'Evaluation-1'!$P$6:$P$436,0)),IFERROR(INDEX('Evaluation-1'!$N$6:$N$436,MATCH($E39,'Evaluation-1'!$G$6:$G$436,0)),"")) -> 6 | H39: =IF('Ms. Babli Kumari'!F7="","",'Ms. Babli Kumari'!F7) | I39: =IF('Ms. Babli Kumari'!G7="","",'Ms. Babli Kumari'!G7) | J39: =IF('Ms. Babli Kumari'!H7="","",'Ms. Babli Kumari'!H7) | K39: =IF('Ms. Babli Kumari'!I7="","",'Ms. Babli Kumari'!I7) | L39: =IF(COUNT(H39:K39)=0,"",SUM(H39:K39)) | M39: =IF(COUNT(G39,L39)=0,"",ROUND(SUM(G39,L39),2)) -> 6 | N39: =IF($G39="","Not in Evaluation-1",IF(TRIM(LOWER(IFERROR(INDEX('Evaluation-1'!$H$6:$H$436,MATCH($A39&"|"&$E39,'Evaluation-1'!$P$6:$P$436,0)),INDEX('Evaluation-1'!$H$6:$H$436,MATCH($E39,'Evaluation-1'!$G$6:$G$436,0)))))=TRIM(LOWER($F39)),"OK","CHECK NAME")) -> OK | O39: =IF(C39<>"",C39,O38) -> Ms. Ayushi Agarwal | P39: =IF(OR(ISNUMBER(IFERROR(INDEX('Evaluation-1'!$K$6:$K$436,MATCH($A39&"|"&$E39,'Evaluation-1'!$P$6:$P$436,0)),IFERROR(INDEX('Evaluation-1'!$K$6:$K$436,MATCH($E39,'Evaluation-1'!$G$6:$G$436,0)),""))),ISNUMBER(IFERROR(INDEX('Evaluation-1'!$L$6:$L$436,MATCH($A39&"|"&$E39,'Evaluation-1'!$P$6:$P$436,0)),IFERROR(INDEX('Evaluation-1'!$L$6:$L$436,MATCH($E39,'Evaluation-1'!$G$6:$G$436,0)),"")))),"Yes","No") -> Yes | Q39: =IF(L39<>"","Yes","No") -> No | R39: =IF('Ms. Babli Kumari'!M7="","",'Ms. Babli Kumari'!M7) | S39: =IF('Ms. Babli Kumari'!N7="","",'Ms. Babli Kumari'!N7) | T39: =IF('Ms. Babli Kumari'!O7="","",'Ms. Babli Kumari'!O7) | U39: =IF('Ms. Babli Kumari'!P7="","",'Ms. Babli Kumari'!P7) | V39: =IF('Ms. Babli Kumari'!Q7="","",'Ms. Babli Kumari'!Q7) | W39: =IF(COUNT(R39:V39)=0,"",SUM(R39:V39)) | X39: =IF('Ms. Babli Kumari'!S7="","",'Ms. Babli Kumari'!S7) | Y39: =IF('Ms. Babli Kumari'!T7="","",'Ms. Babli Kumari'!T7) | Z39: =IF('Ms. Babli Kumari'!U7="","",'Ms. Babli Kumari'!U7) | AA39: =IF('Ms. Babli Kumari'!V7="","",'Ms. Babli Kumari'!V7) | AB39: =IF('Ms. Babli Kumari'!W7="","",'Ms. Babli Kumari'!W7) | AC39: =IF(COUNT(X39:AB39)=0,"",SUM(X39:AB39)) | AD39: =IF(COUNT(M39,W39,AC39)=0,"",ROUND(SUM(M39,W39,AC39),2)) -> 6 | AE39: =IF(W39<>"","Yes","No") -> No | AF39: =IF(AC39<>"","Yes","No") -> No | AG39: =IF(A39<>"",A39,AG38) -> P_009 | AH39: =IF(B39<>"",B39,IF(A39<>"","",AH38)) | AI39: =IF(D39<>"",D39,AI38) -> Ms. Babli Kumari
A40: P_010 | B40: =IF('Ms. Babli Kumari'!B8="","",'Ms. Babli Kumari'!B8) | E40: 2400320100695 | F40: MOHAMMAD RAYYAN | G40: =IFERROR(INDEX('Evaluation-1'!$N$6:$N$436,MATCH($A40&"|"&$E40,'Evaluation-1'!$P$6:$P$436,0)),IFERROR(INDEX('Evaluation-1'!$N$6:$N$436,MATCH($E40,'Evaluation-1'!$G$6:$G$436,0)),"")) -> 6 | H40: =IF('Ms. Babli Kumari'!F8="","",'Ms. Babli Kumari'!F8) | I40: =IF('Ms. Babli Kumari'!G8="","",'Ms. Babli Kumari'!G8) | J40: =IF('Ms. Babli Kumari'!H8="","",'Ms. Babli Kumari'!H8) | K40: =IF('Ms. Babli Kumari'!I8="","",'Ms. Babli Kumari'!I8) | L40: =IF(COUNT(H40:K40)=0,"",SUM(H40:K40)) | M40: =IF(COUNT(G40,L40)=0,"",ROUND(SUM(G40,L40),2)) -> 6 | N40: =IF($G40="","Not in Evaluation-1",IF(TRIM(LOWER(IFERROR(INDEX('Evaluation-1'!$H$6:$H$436,MATCH($A40&"|"&$E40,'Evaluation-1'!$P$6:$P$436,0)),INDEX('Evaluation-1'!$H$6:$H$436,MATCH($E40,'Evaluation-1'!$G$6:$G$436,0)))))=TRIM(LOWER($F40)),"OK","CHECK NAME")) -> OK | O40: =IF(C40<>"",C40,O39) -> Ms. Ayushi Agarwal | P40: =IF(OR(ISNUMBER(IFERROR(INDEX('Evaluation-1'!$K$6:$K$436,MATCH($A40&"|"&$E40,'Evaluation-1'!$P$6:$P$436,0)),IFERROR(INDEX('Evaluation-1'!$K$6:$K$436,MATCH($E40,'Evaluation-1'!$G$6:$G$436,0)),""))),ISNUMBER(IFERROR(INDEX('Evaluation-1'!$L$6:$L$436,MATCH($A40&"|"&$E40,'Evaluation-1'!$P$6:$P$436,0)),IFERROR(INDEX('Evaluation-1'!$L$6:$L$436,MATCH($E40,'Evaluation-1'!$G$6:$G$436,0)),"")))),"Yes","No") -> Yes | Q40: =IF(L40<>"","Yes","No") -> No | R40: =IF('Ms. Babli Kumari'!M8="","",'Ms. Babli Kumari'!M8) | S40: =IF('Ms. Babli Kumari'!N8="","",'Ms. Babli Kumari'!N8) | T40: =IF('Ms. Babli Kumari'!O8="","",'Ms. Babli Kumari'!O8) | U40: =IF('Ms. Babli Kumari'!P8="","",'Ms. Babli Kumari'!P8) | V40: =IF('Ms. Babli Kumari'!Q8="","",'Ms. Babli Kumari'!Q8) | W40: =IF(COUNT(R40:V40)=0,"",SUM(R40:V40)) | X40: =IF('Ms. Babli Kumari'!S8="","",'Ms. Babli Kumari'!S8) | Y40: =IF('Ms. Babli Kumari'!T8="","",'Ms. Babli Kumari'!T8) | Z40: =IF('Ms. Babli Kumari'!U8="","",'Ms. Babli Kumari'!U8) | AA40: =IF('Ms. Babli Kumari'!V8="","",'Ms. Babli Kumari'!V8) | AB40: =IF('Ms. Babli Kumari'!W8="","",'Ms. Babli Kumari'!W8) | AC40: =IF(COUNT(X40:AB40)=0,"",SUM(X40:AB40)) | AD40: =IF(COUNT(M40,W40,AC40)=0,"",ROUND(SUM(M40,W40,AC40),2)) -> 6 | AE40: =IF(W40<>"","Yes","No") -> No | AF40: =IF(AC40<>"","Yes","No") -> No | AG40: =IF(A40<>"",A40,AG39) -> P_010 | AH40: =IF(B40<>"",B40,IF(A40<>"","",AH39)) | AI40: =IF(D40<>"",D40,AI39) -> Ms. Babli Kumari
E41: 2400320100693 | F41: MOHAMMAD KAIF | G41: =IFERROR(INDEX('Evaluation-1'!$N$6:$N$436,MATCH($A41&"|"&$E41,'Evaluation-1'!$P$6:$P$436,0)),IFERROR(INDEX('Evaluation-1'!$N$6:$N$436,MATCH($E41,'Evaluation-1'!$G$6:$G$436,0)),"")) -> 6 | H41: =IF('Ms. Babli Kumari'!F9="","",'Ms. Babli Kumari'!F9) | I41: =IF('Ms. Babli Kumari'!G9="","",'Ms. Babli Kumari'!G9) | J41: =IF('Ms. Babli Kumari'!H9="","",'Ms. Babli Kumari'!H9) | K41: =IF('Ms. Babli Kumari'!I9="","",'Ms. Babli Kumari'!I9) | L41: =IF(COUNT(H41:K41)=0,"",SUM(H41:K41)) | M41: =IF(COUNT(G41,L41)=0,"",ROUND(SUM(G41,L41),2)) -> 6 | N41: =IF($G41="","Not in Evaluation-1",IF(TRIM(LOWER(IFERROR(INDEX('Evaluation-1'!$H$6:$H$436,MATCH($A41&"|"&$E41,'Evaluation-1'!$P$6:$P$436,0)),INDEX('Evaluation-1'!$H$6:$H$436,MATCH($E41,'Evaluation-1'!$G$6:$G$436,0)))))=TRIM(LOWER($F41)),"OK","CHECK NAME")) -> OK | O41: =IF(C41<>"",C41,O40) -> Ms. Ayushi Agarwal | P41: =IF(OR(ISNUMBER(IFERROR(INDEX('Evaluation-1'!$K$6:$K$436,MATCH($A41&"|"&$E41,'Evaluation-1'!$P$6:$P$436,0)),IFERROR(INDEX('Evaluation-1'!$K$6:$K$436,MATCH($E41,'Evaluation-1'!$G$6:$G$436,0)),""))),ISNUMBER(IFERROR(INDEX('Evaluation-1'!$L$6:$L$436,MATCH($A41&"|"&$E41,'Evaluation-1'!$P$6:$P$436,0)),IFERROR(INDEX('Evaluation-1'!$L$6:$L$436,MATCH($E41,'Evaluation-1'!$G$6:$G$436,0)),"")))),"Yes","No") -> Yes | Q41: =IF(L41<>"","Yes","No") -> No | R41: =IF('Ms. Babli Kumari'!M9="","",'Ms. Babli Kumari'!M9) | S41: =IF('Ms. Babli Kumari'!N9="","",'Ms. Babli Kumari'!N9) | T41: =IF('Ms. Babli Kumari'!O9="","",'Ms. Babli Kumari'!O9) | U41: =IF('Ms. Babli Kumari'!P9="","",'Ms. Babli Kumari'!P9) | V41: =IF('Ms. Babli Kumari'!Q9="","",'Ms. Babli Kumari'!Q9) | W41: =IF(COUNT(R41:V41)=0,"",SUM(R41:V41)) | X41: =IF('Ms. Babli Kumari'!S9="","",'Ms. Babli Kumari'!S9) | Y41: =IF('Ms. Babli Kumari'!T9="","",'Ms. Babli Kumari'!T9) | Z41: =IF('Ms. Babli Kumari'!U9="","",'Ms. Babli Kumari'!U9) | AA41: =IF('Ms. Babli Kumari'!V9="","",'Ms. Babli Kumari'!V9) | AB41: =IF('Ms. Babli Kumari'!W9="","",'Ms. Babli Kumari'!W9) | AC41: =IF(COUNT(X41:AB41)=0,"",SUM(X41:AB41)) | AD41: =IF(COUNT(M41,W41,AC41)=0,"",ROUND(SUM(M41,W41,AC41),2)) -> 6 | AE41: =IF(W41<>"","Yes","No") -> No | AF41: =IF(AC41<>"","Yes","No") -> No | AG41: =IF(A41<>"",A41,AG40) -> P_010 | AH41: =IF(B41<>"",B41,IF(A41<>"","",AH40)) | AI41: =IF(D41<>"",D41,AI40) -> Ms. Babli Kumari
E42: 2400320100697 | F42: MOHAMMAD ZAID | G42: =IFERROR(INDEX('Evaluation-1'!$N$6:$N$436,MATCH($A42&"|"&$E42,'Evaluation-1'!$P$6:$P$436,0)),IFERROR(INDEX('Evaluation-1'!$N$6:$N$436,MATCH($E42,'Evaluation-1'!$G$6:$G$436,0)),"")) -> 6 | H42: =IF('Ms. Babli Kumari'!F10="","",'Ms. Babli Kumari'!F10) | I42: =IF('Ms. Babli Kumari'!G10="","",'Ms. Babli Kumari'!G10) | J42: =IF('Ms. Babli Kumari'!H10="","",'Ms. Babli Kumari'!H10) | K42: =IF('Ms. Babli Kumari'!I10="","",'Ms. Babli Kumari'!I10) | L42: =IF(COUNT(H42:K42)=0,"",SUM(H42:K42)) | M42: =IF(COUNT(G42,L42)=0,"",ROUND(SUM(G42,L42),2)) -> 6 | N42: =IF($G42="","Not in Evaluation-1",IF(TRIM(LOWER(IFERROR(INDEX('Evaluation-1'!$H$6:$H$436,MATCH($A42&"|"&$E42,'Evaluation-1'!$P$6:$P$436,0)),INDEX('Evaluation-1'!$H$6:$H$436,MATCH($E42,'Evaluation-1'!$G$6:$G$436,0)))))=TRIM(LOWER($F42)),"OK","CHECK NAME")) -> OK | O42: =IF(C42<>"",C42,O41) -> Ms. Ayushi Agarwal | P42: =IF(OR(ISNUMBER(IFERROR(INDEX('Evaluation-1'!$K$6:$K$436,MATCH($A42&"|"&$E42,'Evaluation-1'!$P$6:$P$436,0)),IFERROR(INDEX('Evaluation-1'!$K$6:$K$436,MATCH($E42,'Evaluation-1'!$G$6:$G$436,0)),""))),ISNUMBER(IFERROR(INDEX('Evaluation-1'!$L$6:$L$436,MATCH($A42&"|"&$E42,'Evaluation-1'!$P$6:$P$436,0)),IFERROR(INDEX('Evaluation-1'!$L$6:$L$436,MATCH($E42,'Evaluation-1'!$G$6:$G$436,0)),"")))),"Yes","No") -> Yes | Q42: =IF(L42<>"","Yes","No") -> No | R42: =IF('Ms. Babli Kumari'!M10="","",'Ms. Babli Kumari'!M10) | S42: =IF('Ms. Babli Kumari'!N10="","",'Ms. Babli Kumari'!N10) | T42: =IF('Ms. Babli Kumari'!O10="","",'Ms. Babli Kumari'!O10) | U42: =IF('Ms. Babli Kumari'!P10="","",'Ms. Babli Kumari'!P10) | V42: =IF('Ms. Babli Kumari'!Q10="","",'Ms. Babli Kumari'!Q10) | W42: =IF(COUNT(R42:V42)=0,"",SUM(R42:V42)) | X42: =IF('Ms. Babli Kumari'!S10="","",'Ms. Babli Kumari'!S10) | Y42: =IF('Ms. Babli Kumari'!T10="","",'Ms. Babli Kumari'!T10) | Z42: =IF('Ms. Babli Kumari'!U10="","",'Ms. Babli Kumari'!U10) | AA42: =IF('Ms. Babli Kumari'!V10="","",'Ms. Babli Kumari'!V10) | AB42: =IF('Ms. Babli Kumari'!W10="","",'Ms. Babli Kumari'!W10) | AC42: =IF(COUNT(X42:AB42)=0,"",SUM(X42:AB42)) | AD42: =IF(COUNT(M42,W42,AC42)=0,"",ROUND(SUM(M42,W42,AC42),2)) -> 6 | AE42: =IF(W42<>"","Yes","No") -> No | AF42: =IF(AC42<>"","Yes","No") -> No | AG42: =IF(A42<>"",A42,AG41) -> P_010 | AH42: =IF(B42<>"",B42,IF(A42<>"","",AH41)) | AI42: =IF(D42<>"",D42,AI41) -> Ms. Babli Kumari
A43: P_011 | B43: =IF('Ms. Babli Kumari'!B11="","",'Ms. Babli Kumari'!B11) | E43: 2400320100456 | F43: Ekta Jamloki | G43: =IFERROR(INDEX('Evaluation-1'!$N$6:$N$436,MATCH($A43&"|"&$E43,'Evaluation-1'!$P$6:$P$436,0)),IFERROR(INDEX('Evaluation-1'!$N$6:$N$436,MATCH($E43,'Evaluation-1'!$G$6:$G$436,0)),"")) -> 6 | H43: =IF('Ms. Babli Kumari'!F11="","",'Ms. Babli Kumari'!F11) | I43: =IF('Ms. Babli Kumari'!G11="","",'Ms. Babli Kumari'!G11) | J43: =IF('Ms. Babli Kumari'!H11="","",'Ms. Babli Kumari'!H11) | K43: =IF('Ms. Babli Kumari'!I11="","",'Ms. Babli Kumari'!I11) | L43: =IF(COUNT(H43:K43)=0,"",SUM(H43:K43)) | M43: =IF(COUNT(G43,L43)=0,"",ROUND(SUM(G43,L43),2)) -> 6 | N43: =IF($G43="","Not in Evaluation-1",IF(TRIM(LOWER(IFERROR(INDEX('Evaluation-1'!$H$6:$H$436,MATCH($A43&"|"&$E43,'Evaluation-1'!$P$6:$P$436,0)),INDEX('Evaluation-1'!$H$6:$H$436,MATCH($E43,'Evaluation-1'!$G$6:$G$436,0)))))=TRIM(LOWER($F43)),"OK","CHECK NAME")) -> OK | O43: =IF(C43<>"",C43,O42) -> Ms. Ayushi Agarwal | P43: =IF(OR(ISNUMBER(IFERROR(INDEX('Evaluation-1'!$K$6:$K$436,MATCH($A43&"|"&$E43,'Evaluation-1'!$P$6:$P$436,0)),IFERROR(INDEX('Evaluation-1'!$K$6:$K$436,MATCH($E43,'Evaluation-1'!$G$6:$G$436,0)),""))),ISNUMBER(IFERROR(INDEX('Evaluation-1'!$L$6:$L$436,MATCH($A43&"|"&$E43,'Evaluation-1'!$P$6:$P$436,0)),IFERROR(INDEX('Evaluation-1'!$L$6:$L$436,MATCH($E43,'Evaluation-1'!$G$6:$G$436,0)),"")))),"Yes","No") -> Yes | Q43: =IF(L43<>"","Yes","No") -> No | R43: =IF('Ms. Babli Kumari'!M11="","",'Ms. Babli Kumari'!M11) | S43: =IF('Ms. Babli Kumari'!N11="","",'Ms. Babli Kumari'!N11) | T43: =IF('Ms. Babli Kumari'!O11="","",'Ms. Babli Kumari'!O11) | U43: =IF('Ms. Babli Kumari'!P11="","",'Ms. Babli Kumari'!P11) | V43: =IF('Ms. Babli Kumari'!Q11="","",'Ms. Babli Kumari'!Q11) | W43: =IF(COUNT(R43:V43)=0,"",SUM(R43:V43)) | X43: =IF('Ms. Babli Kumari'!S11="","",'Ms. Babli Kumari'!S11) | Y43: =IF('Ms. Babli Kumari'!T11="","",'Ms. Babli Kumari'!T11) | Z43: =IF('Ms. Babli Kumari'!U11="","",'Ms. Babli Kumari'!U11) | AA43: =IF('Ms. Babli Kumari'!V11="","",'Ms. Babli Kumari'!V11) | AB43: =IF('Ms. Babli Kumari'!W11="","",'Ms. Babli Kumari'!W11) | AC43: =IF(COUNT(X43:AB43)=0,"",SUM(X43:AB43)) | AD43: =IF(COUNT(M43,W43,AC43)=0,"",ROUND(SUM(M43,W43,AC43),2)) -> 6 | AE43: =IF(W43<>"","Yes","No") -> No | AF43: =IF(AC43<>"","Yes","No") -> No | AG43: =IF(A43<>"",A43,AG42) -> P_011 | AH43: =IF(B43<>"",B43,IF(A43<>"","",AH42)) | AI43: =IF(D43<>"",D43,AI42) -> Ms. Babli Kumari
E44: 2400320100448 | F44: Divyanshi Rajput | G44: =IFERROR(INDEX('Evaluation-1'!$N$6:$N$436,MATCH($A44&"|"&$E44,'Evaluation-1'!$P$6:$P$436,0)),IFERROR(INDEX('Evaluation-1'!$N$6:$N$436,MATCH($E44,'Evaluation-1'!$G$6:$G$436,0)),"")) -> 6 | H44: =IF('Ms. Babli Kumari'!F12="","",'Ms. Babli Kumari'!F12) | I44: =IF('Ms. Babli Kumari'!G12="","",'Ms. Babli Kumari'!G12) | J44: =IF('Ms. Babli Kumari'!H12="","",'Ms. Babli Kumari'!H12) | K44: =IF('Ms. Babli Kumari'!I12="","",'Ms. Babli Kumari'!I12) | L44: =IF(COUNT(H44:K44)=0,"",SUM(H44:K44)) | M44: =IF(COUNT(G44,L44)=0,"",ROUND(SUM(G44,L44),2)) -> 6 | N44: =IF($G44="","Not in Evaluation-1",IF(TRIM(LOWER(IFERROR(INDEX('Evaluation-1'!$H$6:$H$436,MATCH($A44&"|"&$E44,'Evaluation-1'!$P$6:$P$436,0)),INDEX('Evaluation-1'!$H$6:$H$436,MATCH($E44,'Evaluation-1'!$G$6:$G$436,0)))))=TRIM(LOWER($F44)),"OK","CHECK NAME")) -> OK | O44: =IF(C44<>"",C44,O43) -> Ms. Ayushi Agarwal | P44: =IF(OR(ISNUMBER(IFERROR(INDEX('Evaluation-1'!$K$6:$K$436,MATCH($A44&"|"&$E44,'Evaluation-1'!$P$6:$P$436,0)),IFERROR(INDEX('Evaluation-1'!$K$6:$K$436,MATCH($E44,'Evaluation-1'!$G$6:$G$436,0)),""))),ISNUMBER(IFERROR(INDEX('Evaluation-1'!$L$6:$L$436,MATCH($A44&"|"&$E44,'Evaluation-1'!$P$6:$P$436,0)),IFERROR(INDEX('Evaluation-1'!$L$6:$L$436,MATCH($E44,'Evaluation-1'!$G$6:$G$436,0)),"")))),"Yes","No") -> Yes | Q44: =IF(L44<>"","Yes","No") -> No | R44: =IF('Ms. Babli Kumari'!M12="","",'Ms. Babli Kumari'!M12) | S44: =IF('Ms. Babli Kumari'!N12="","",'Ms. Babli Kumari'!N12) | T44: =IF('Ms. Babli Kumari'!O12="","",'Ms. Babli Kumari'!O12) | U44: =IF('Ms. Babli Kumari'!P12="","",'Ms. Babli Kumari'!P12) | V44: =IF('Ms. Babli Kumari'!Q12="","",'Ms. Babli Kumari'!Q12) | W44: =IF(COUNT(R44:V44)=0,"",SUM(R44:V44)) | X44: =IF('Ms. Babli Kumari'!S12="","",'Ms. Babli Kumari'!S12) | Y44: =IF('Ms. Babli Kumari'!T12="","",'Ms. Babli Kumari'!T12) | Z44: =IF('Ms. Babli Kumari'!U12="","",'Ms. Babli Kumari'!U12) | AA44: =IF('Ms. Babli Kumari'!V12="","",'Ms. Babli Kumari'!V12) | AB44: =IF('Ms. Babli Kumari'!W12="","",'Ms. Babli Kumari'!W12) | AC44: =IF(COUNT(X44:AB44)=0,"",SUM(X44:AB44)) | AD44: =IF(COUNT(M44,W44,AC44)=0,"",ROUND(SUM(M44,W44,AC44),2)) -> 6 | AE44: =IF(W44<>"","Yes","No") -> No | AF44: =IF(AC44<>"","Yes","No") -> No | AG44: =IF(A44<>"",A44,AG43) -> P_011 | AH44: =IF(B44<>"",B44,IF(A44<>"","",AH43)) | AI44: =IF(D44<>"",D44,AI43) -> Ms. Babli Kumari
A45: P_012 | B45: =IF('Ms. Babli Kumari'!B13="","",'Ms. Babli Kumari'!B13) | E45: 2400320100647 | F45: Luven Sharma | G45: =IFERROR(INDEX('Evaluation-1'!$N$6:$N$436,MATCH($A45&"|"&$E45,'Evaluation-1'!$P$6:$P$436,0)),IFERROR(INDEX('Evaluation-1'!$N$6:$N$436,MATCH($E45,'Evaluation-1'!$G$6:$G$436,0)),"")) -> 6 | H45: =IF('Ms. Babli Kumari'!F13="","",'Ms. Babli Kumari'!F13) | I45: =IF('Ms. Babli Kumari'!G13="","",'Ms. Babli Kumari'!G13) | J45: =IF('Ms. Babli Kumari'!H13="","",'Ms. Babli Kumari'!H13) | K45: =IF('Ms. Babli Kumari'!I13="","",'Ms. Babli Kumari'!I13) | L45: =IF(COUNT(H45:K45)=0,"",SUM(H45:K45)) | M45: =IF(COUNT(G45,L45)=0,"",ROUND(SUM(G45,L45),2)) -> 6 | N45: =IF($G45="","Not in Evaluation-1",IF(TRIM(LOWER(IFERROR(INDEX('Evaluation-1'!$H$6:$H$436,MATCH($A45&"|"&$E45,'Evaluation-1'!$P$6:$P$436,0)),INDEX('Evaluation-1'!$H$6:$H$436,MATCH($E45,'Evaluation-1'!$G$6:$G$436,0)))))=TRIM(LOWER($F45)),"OK","CHECK NAME")) -> OK | O45: =IF(C45<>"",C45,O44) -> Ms. Ayushi Agarwal | P45: =IF(OR(ISNUMBER(IFERROR(INDEX('Evaluation-1'!$K$6:$K$436,MATCH($A45&"|"&$E45,'Evaluation-1'!$P$6:$P$436,0)),IFERROR(INDEX('Evaluation-1'!$K$6:$K$436,MATCH($E45,'Evaluation-1'!$G$6:$G$436,0)),""))),ISNUMBER(IFERROR(INDEX('Evaluation-1'!$L$6:$L$436,MATCH($A45&"|"&$E45,'Evaluation-1'!$P$6:$P$436,0)),IFERROR(INDEX('Evaluation-1'!$L$6:$L$436,MATCH($E45,'Evaluation-1'!$G$6:$G$436,0)),"")))),"Yes","No") -> Yes | Q45: =IF(L45<>"","Yes","No") -> No | R45: =IF('Ms. Babli Kumari'!M13="","",'Ms. Babli Kumari'!M13) | S45: =IF('Ms. Babli Kumari'!N13="","",'Ms. Babli Kumari'!N13) | T45: =IF('Ms. Babli Kumari'!O13="","",'Ms. Babli Kumari'!O13) | U45: =IF('Ms. Babli Kumari'!P13="","",'Ms. Babli Kumari'!P13) | V45: =IF('Ms. Babli Kumari'!Q13="","",'Ms. Babli Kumari'!Q13) | W45: =IF(COUNT(R45:V45)=0,"",SUM(R45:V45)) | X45: =IF('Ms. Babli Kumari'!S13="","",'Ms. Babli Kumari'!S13) | Y45: =IF('Ms. Babli Kumari'!T13="","",'Ms. Babli Kumari'!T13) | Z45: =IF('Ms. Babli Kumari'!U13="","",'Ms. Babli Kumari'!U13) | AA45: =IF('Ms. Babli Kumari'!V13="","",'Ms. Babli Kumari'!V13) | AB45: =IF('Ms. Babli Kumari'!W13="","",'Ms. Babli Kumari'!W13) | AC45: =IF(COUNT(X45:AB45)=0,"",SUM(X45:AB45)) | AD45: =IF(COUNT(M45,W45,AC45)=0,"",ROUND(SUM(M45,W45,AC45),2)) -> 6 | AE45: =IF(W45<>"","Yes","No") -> No | AF45: =IF(AC45<>"","Yes","No") -> No | AG45: =IF(A45<>"",A45,AG44) -> P_012 | AH45: =IF(B45<>"",B45,IF(A45<>"","",AH44)) | AI45: =IF(D45<>"",D45,AI44) -> Ms. Babli Kumari
E46: 2400320100620 | F46: Krish Pandey | G46: =IFERROR(INDEX('Evaluation-1'!$N$6:$N$436,MATCH($A46&"|"&$E46,'Evaluation-1'!$P$6:$P$436,0)),IFERROR(INDEX('Evaluation-1'!$N$6:$N$436,MATCH($E46,'Evaluation-1'!$G$6:$G$436,0)),"")) -> 6 | H46: =IF('Ms. Babli Kumari'!F14="","",'Ms. Babli Kumari'!F14) | I46: =IF('Ms. Babli Kumari'!G14="","",'Ms. Babli Kumari'!G14) | J46: =IF('Ms. Babli Kumari'!H14="","",'Ms. Babli Kumari'!H14) | K46: =IF('Ms. Babli Kumari'!I14="","",'Ms. Babli Kumari'!I14) | L46: =IF(COUNT(H46:K46)=0,"",SUM(H46:K46)) | M46: =IF(COUNT(G46,L46)=0,"",ROUND(SUM(G46,L46),2)) -> 6 | N46: =IF($G46="","Not in Evaluation-1",IF(TRIM(LOWER(IFERROR(INDEX('Evaluation-1'!$H$6:$H$436,MATCH($A46&"|"&$E46,'Evaluation-1'!$P$6:$P$436,0)),INDEX('Evaluation-1'!$H$6:$H$436,MATCH($E46,'Evaluation-1'!$G$6:$G$436,0)))))=TRIM(LOWER($F46)),"OK","CHECK NAME")) -> OK | O46: =IF(C46<>"",C46,O45) -> Ms. Ayushi Agarwal | P46: =IF(OR(ISNUMBER(IFERROR(INDEX('Evaluation-1'!$K$6:$K$436,MATCH($A46&"|"&$E46,'Evaluation-1'!$P$6:$P$436,0)),IFERROR(INDEX('Evaluation-1'!$K$6:$K$436,MATCH($E46,'Evaluation-1'!$G$6:$G$436,0)),""))),ISNUMBER(IFERROR(INDEX('Evaluation-1'!$L$6:$L$436,MATCH($A46&"|"&$E46,'Evaluation-1'!$P$6:$P$436,0)),IFERROR(INDEX('Evaluation-1'!$L$6:$L$436,MATCH($E46,'Evaluation-1'!$G$6:$G$436,0)),"")))),"Yes","No") -> Yes | Q46: =IF(L46<>"","Yes","No") -> No | R46: =IF('Ms. Babli Kumari'!M14="","",'Ms. Babli Kumari'!M14) | S46: =IF('Ms. Babli Kumari'!N14="","",'Ms. Babli Kumari'!N14) | T46: =IF('Ms. Babli Kumari'!O14="","",'Ms. Babli Kumari'!O14) | U46: =IF('Ms. Babli Kumari'!P14="","",'Ms. Babli Kumari'!P14) | V46: =IF('Ms. Babli Kumari'!Q14="","",'Ms. Babli Kumari'!Q14) | W46: =IF(COUNT(R46:V46)=0,"",SUM(R46:V46)) | X46: =IF('Ms. Babli Kumari'!S14="","",'Ms. Babli Kumari'!S14) | Y46: =IF('Ms. Babli Kumari'!T14="","",'Ms. Babli Kumari'!T14) | Z46: =IF('Ms. Babli Kumari'!U14="","",'Ms. Babli Kumari'!U14) | AA46: =IF('Ms. Babli Kumari'!V14="","",'Ms. Babli Kumari'!V14) | AB46: =IF('Ms. Babli Kumari'!W14="","",'Ms. Babli Kumari'!W14) | AC46: =IF(COUNT(X46:AB46)=0,"",SUM(X46:AB46)) | AD46: =IF(COUNT(M46,W46,AC46)=0,"",ROUND(SUM(M46,W46,AC46),2)) -> 6 | AE46: =IF(W46<>"","Yes","No") -> No | AF46: =IF(AC46<>"","Yes","No") -> No | AG46: =IF(A46<>"",A46,AG45) -> P_012 | AH46: =IF(B46<>"",B46,IF(A46<>"","",AH45)) | AI46: =IF(D46<>"",D46,AI45) -> Ms. Babli Kumari
E47: 2400320100593 | F47: Khushboo | G47: =IFERROR(INDEX('Evaluation-1'!$N$6:$N$436,MATCH($A47&"|"&$E47,'Evaluation-1'!$P$6:$P$436,0)),IFERROR(INDEX('Evaluation-1'!$N$6:$N$436,MATCH($E47,'Evaluation-1'!$G$6:$G$436,0)),"")) -> 6 | H47: =IF('Ms. Babli Kumari'!F15="","",'Ms. Babli Kumari'!F15) | I47: =IF('Ms. Babli Kumari'!G15="","",'Ms. Babli Kumari'!G15) | J47: =IF('Ms. Babli Kumari'!H15="","",'Ms. Babli Kumari'!H15) | K47: =IF('Ms. Babli Kumari'!I15="","",'Ms. Babli Kumari'!I15) | L47: =IF(COUNT(H47:K47)=0,"",SUM(H47:K47)) | M47: =IF(COUNT(G47,L47)=0,"",ROUND(SUM(G47,L47),2)) -> 6 | N47: =IF($G47="","Not in Evaluation-1",IF(TRIM(LOWER(IFERROR(INDEX('Evaluation-1'!$H$6:$H$436,MATCH($A47&"|"&$E47,'Evaluation-1'!$P$6:$P$436,0)),INDEX('Evaluation-1'!$H$6:$H$436,MATCH($E47,'Evaluation-1'!$G$6:$G$436,0)))))=TRIM(LOWER($F47)),"OK","CHECK NAME")) -> OK | O47: =IF(C47<>"",C47,O46) -> Ms. Ayushi Agarwal | P47: =IF(OR(ISNUMBER(IFERROR(INDEX('Evaluation-1'!$K$6:$K$436,MATCH($A47&"|"&$E47,'Evaluation-1'!$P$6:$P$436,0)),IFERROR(INDEX('Evaluation-1'!$K$6:$K$436,MATCH($E47,'Evaluation-1'!$G$6:$G$436,0)),""))),ISNUMBER(IFERROR(INDEX('Evaluation-1'!$L$6:$L$436,MATCH($A47&"|"&$E47,'Evaluation-1'!$P$6:$P$436,0)),IFERROR(INDEX('Evaluation-1'!$L$6:$L$436,MATCH($E47,'Evaluation-1'!$G$6:$G$436,0)),"")))),"Yes","No") -> Yes | Q47: =IF(L47<>"","Yes","No") -> No | R47: =IF('Ms. Babli Kumari'!M15="","",'Ms. Babli Kumari'!M15) | S47: =IF('Ms. Babli Kumari'!N15="","",'Ms. Babli Kumari'!N15) | T47: =IF('Ms. Babli Kumari'!O15="","",'Ms. Babli Kumari'!O15) | U47: =IF('Ms. Babli Kumari'!P15="","",'Ms. Babli Kumari'!P15) | V47: =IF('Ms. Babli Kumari'!Q15="","",'Ms. Babli Kumari'!Q15) | W47: =IF(COUNT(R47:V47)=0,"",SUM(R47:V47)) | X47: =IF('Ms. Babli Kumari'!S15="","",'Ms. Babli Kumari'!S15) | Y47: =IF('Ms. Babli Kumari'!T15="","",'Ms. Babli Kumari'!T15) | Z47: =IF('Ms. Babli Kumari'!U15="","",'Ms. Babli Kumari'!U15) | AA47: =IF('Ms. Babli Kumari'!V15="","",'Ms. Babli Kumari'!V15) | AB47: =IF('Ms. Babli Kumari'!W15="","",'Ms. Babli Kumari'!W15) | AC47: =IF(COUNT(X47:AB47)=0,"",SUM(X47:AB47)) | AD47: =IF(COUNT(M47,W47,AC47)=0,"",ROUND(SUM(M47,W47,AC47),2)) -> 6 | AE47: =IF(W47<>"","Yes","No") -> No | AF47: =IF(AC47<>"","Yes","No") -> No | AG47: =IF(A47<>"",A47,AG46) -> P_012 | AH47: =IF(B47<>"",B47,IF(A47<>"","",AH46)) | AI47: =IF(D47<>"",D47,AI46) -> Ms. Babli Kumari
E48: 2400320100598 | F48: Khushi Poddar | G48: =IFERROR(INDEX('Evaluation-1'!$N$6:$N$436,MATCH($A48&"|"&$E48,'Evaluation-1'!$P$6:$P$436,0)),IFERROR(INDEX('Evaluation-1'!$N$6:$N$436,MATCH($E48,'Evaluation-1'!$G$6:$G$436,0)),"")) -> 6 | H48: =IF('Ms. Babli Kumari'!F16="","",'Ms. Babli Kumari'!F16) | I48: =IF('Ms. Babli Kumari'!G16="","",'Ms. Babli Kumari'!G16) | J48: =IF('Ms. Babli Kumari'!H16="","",'Ms. Babli Kumari'!H16) | K48: =IF('Ms. Babli Kumari'!I16="","",'Ms. Babli Kumari'!I16) | L48: =IF(COUNT(H48:K48)=0,"",SUM(H48:K48)) | M48: =IF(COUNT(G48,L48)=0,"",ROUND(SUM(G48,L48),2)) -> 6 | N48: =IF($G48="","Not in Evaluation-1",IF(TRIM(LOWER(IFERROR(INDEX('Evaluation-1'!$H$6:$H$436,MATCH($A48&"|"&$E48,'Evaluation-1'!$P$6:$P$436,0)),INDEX('Evaluation-1'!$H$6:$H$436,MATCH($E48,'Evaluation-1'!$G$6:$G$436,0)))))=TRIM(LOWER($F48)),"OK","CHECK NAME")) -> OK | O48: =IF(C48<>"",C48,O47) -> Ms. Ayushi Agarwal | P48: =IF(OR(ISNUMBER(IFERROR(INDEX('Evaluation-1'!$K$6:$K$436,MATCH($A48&"|"&$E48,'Evaluation-1'!$P$6:$P$436,0)),IFERROR(INDEX('Evaluation-1'!$K$6:$K$436,MATCH($E48,'Evaluation-1'!$G$6:$G$436,0)),""))),ISNUMBER(IFERROR(INDEX('Evaluation-1'!$L$6:$L$436,MATCH($A48&"|"&$E48,'Evaluation-1'!$P$6:$P$436,0)),IFERROR(INDEX('Evaluation-1'!$L$6:$L$436,MATCH($E48,'Evaluation-1'!$G$6:$G$436,0)),"")))),"Yes","No") -> Yes | Q48: =IF(L48<>"","Yes","No") -> No | R48: =IF('Ms. Babli Kumari'!M16="","",'Ms. Babli Kumari'!M16) | S48: =IF('Ms. Babli Kumari'!N16="","",'Ms. Babli Kumari'!N16) | T48: =IF('Ms. Babli Kumari'!O16="","",'Ms. Babli Kumari'!O16) | U48: =IF('Ms. Babli Kumari'!P16="","",'Ms. Babli Kumari'!P16) | V48: =IF('Ms. Babli Kumari'!Q16="","",'Ms. Babli Kumari'!Q16) | W48: =IF(COUNT(R48:V48)=0,"",SUM(R48:V48)) | X48: =IF('Ms. Babli Kumari'!S16="","",'Ms. Babli Kumari'!S16) | Y48: =IF('Ms. Babli Kumari'!T16="","",'Ms. Babli Kumari'!T16) | Z48: =IF('Ms. Babli Kumari'!U16="","",'Ms. Babli Kumari'!U16) | AA48: =IF('Ms. Babli Kumari'!V16="","",'Ms. Babli Kumari'!V16) | AB48: =IF('Ms. Babli Kumari'!W16="","",'Ms. Babli Kumari'!W16) | AC48: =IF(COUNT(X48:AB48)=0,"",SUM(X48:AB48)) | AD48: =IF(COUNT(M48,W48,AC48)=0,"",ROUND(SUM(M48,W48,AC48),2)) -> 6 | AE48: =IF(W48<>"","Yes","No") -> No | AF48: =IF(AC48<>"","Yes","No") -> No | AG48: =IF(A48<>"",A48,AG47) -> P_012 | AH48: =IF(B48<>"",B48,IF(A48<>"","",AH47)) | AI48: =IF(D48<>"",D48,AI47) -> Ms. Babli Kumari
A49: P_013 | B49: =IF('Mr. Deepak Kanojia'!B4="","",'Mr. Deepak Kanojia'!B4) | C49: Ms. Babli Kumari | D49: Mr. Deepak Kanojia | E49: 2400320100600 | F49: Khushi Sharma | G49: =IFERROR(INDEX('Evaluation-1'!$N$6:$N$436,MATCH($A49&"|"&$E49,'Evaluation-1'!$P$6:$P$436,0)),IFERROR(INDEX('Evaluation-1'!$N$6:$N$436,MATCH($E49,'Evaluation-1'!$G$6:$G$436,0)),"")) -> 5.4 | H49: =IF('Mr. Deepak Kanojia'!F4="","",'Mr. Deepak Kanojia'!F4) | I49: =IF('Mr. Deepak Kanojia'!G4="","",'Mr. Deepak Kanojia'!G4) | J49: =IF('Mr. Deepak Kanojia'!H4="","",'Mr. Deepak Kanojia'!H4) | K49: =IF('Mr. Deepak Kanojia'!I4="","",'Mr. Deepak Kanojia'!I4) | L49: =IF(COUNT(H49:K49)=0,"",SUM(H49:K49)) | M49: =IF(COUNT(G49,L49)=0,"",ROUND(SUM(G49,L49),2)) -> 5.4 | N49: =IF($G49="","Not in Evaluation-1",IF(TRIM(LOWER(IFERROR(INDEX('Evaluation-1'!$H$6:$H$436,MATCH($A49&"|"&$E49,'Evaluation-1'!$P$6:$P$436,0)),INDEX('Evaluation-1'!$H$6:$H$436,MATCH($E49,'Evaluation-1'!$G$6:$G$436,0)))))=TRIM(LOWER($F49)),"OK","CHECK NAME")) -> OK | O49: =IF(C49<>"",C49,O48) -> Ms. Babli Kumari | P49: =IF(OR(ISNUMBER(IFERROR(INDEX('Evaluation-1'!$K$6:$K$436,MATCH($A49&"|"&$E49,'Evaluation-1'!$P$6:$P$436,0)),IFERROR(INDEX('Evaluation-1'!$K$6:$K$436,MATCH($E49,'Evaluation-1'!$G$6:$G$436,0)),""))),ISNUMBER(IFERROR(INDEX('Evaluation-1'!$L$6:$L$436,MATCH($A49&"|"&$E49,'Evaluation-1'!$P$6:$P$436,0)),IFERROR(INDEX('Evaluation-1'!$L$6:$L$436,MATCH($E49,'Evaluation-1'!$G$6:$G$436,0)),"")))),"Yes","No") -> Yes | Q49: =IF(L49<>"","Yes","No") -> No | R49: =IF('Mr. Deepak Kanojia'!M4="","",'Mr. Deepak Kanojia'!M4) | S49: =IF('Mr. Deepak Kanojia'!N4="","",'Mr. Deepak Kanojia'!N4) | T49: =IF('Mr. Deepak Kanojia'!O4="","",'Mr. Deepak Kanojia'!O4) | U49: =IF('Mr. Deepak Kanojia'!P4="","",'Mr. Deepak Kanojia'!P4) | V49: =IF('Mr. Deepak Kanojia'!Q4="","",'Mr. Deepak Kanojia'!Q4) | W49: =IF(COUNT(R49:V49)=0,"",SUM(R49:V49)) | X49: =IF('Mr. Deepak Kanojia'!S4="","",'Mr. Deepak Kanojia'!S4) | Y49: =IF('Mr. Deepak Kanojia'!T4="","",'Mr. Deepak Kanojia'!T4) | Z49: =IF('Mr. Deepak Kanojia'!U4="","",'Mr. Deepak Kanojia'!U4) | AA49: =IF('Mr. Deepak Kanojia'!V4="","",'Mr. Deepak Kanojia'!V4) | AB49: =IF('Mr. Deepak Kanojia'!W4="","",'Mr. Deepak Kanojia'!W4) | AC49: =IF(COUNT(X49:AB49)=0,"",SUM(X49:AB49)) | AD49: =IF(COUNT(M49,W49,AC49)=0,"",ROUND(SUM(M49,W49,AC49),2)) -> 5.4 | AE49: =IF(W49<>"","Yes","No") -> No | AF49: =IF(AC49<>"","Yes","No") -> No | AG49: =IF(A49<>"",A49,AG48) -> P_013 | AH49: =IF(B49<>"",B49,IF(A49<>"","",AH48)) | AI49: =IF(D49<>"",D49,AI48) -> Mr. Deepak Kanojia
E50: 2400320100572 | F50: Kartik Pansari | G50: =IFERROR(INDEX('Evaluation-1'!$N$6:$N$436,MATCH($A50&"|"&$E50,'Evaluation-1'!$P$6:$P$436,0)),IFERROR(INDEX('Evaluation-1'!$N$6:$N$436,MATCH($E50,'Evaluation-1'!$G$6:$G$436,0)),"")) -> 5.4 | H50: =IF('Mr. Deepak Kanojia'!F5="","",'Mr. Deepak Kanojia'!F5) | I50: =IF('Mr. Deepak Kanojia'!G5="","",'Mr. Deepak Kanojia'!G5) | J50: =IF('Mr. Deepak Kanojia'!H5="","",'Mr. Deepak Kanojia'!H5) | K50: =IF('Mr. Deepak Kanojia'!I5="","",'Mr. Deepak Kanojia'!I5) | L50: =IF(COUNT(H50:K50)=0,"",SUM(H50:K50)) | M50: =IF(COUNT(G50,L50)=0,"",ROUND(SUM(G50,L50),2)) -> 5.4 | N50: =IF($G50="","Not in Evaluation-1",IF(TRIM(LOWER(IFERROR(INDEX('Evaluation-1'!$H$6:$H$436,MATCH($A50&"|"&$E50,'Evaluation-1'!$P$6:$P$436,0)),INDEX('Evaluation-1'!$H$6:$H$436,MATCH($E50,'Evaluation-1'!$G$6:$G$436,0)))))=TRIM(LOWER($F50)),"OK","CHECK NAME")) -> OK | O50: =IF(C50<>"",C50,O49) -> Ms. Babli Kumari | P50: =IF(OR(ISNUMBER(IFERROR(INDEX('Evaluation-1'!$K$6:$K$436,MATCH($A50&"|"&$E50,'Evaluation-1'!$P$6:$P$436,0)),IFERROR(INDEX('Evaluation-1'!$K$6:$K$436,MATCH($E50,'Evaluation-1'!$G$6:$G$436,0)),""))),ISNUMBER(IFERROR(INDEX('Evaluation-1'!$L$6:$L$436,MATCH($A50&"|"&$E50,'Evaluation-1'!$P$6:$P$436,0)),IFERROR(INDEX('Evaluation-1'!$L$6:$L$436,MATCH($E50,'Evaluation-1'!$G$6:$G$436,0)),"")))),"Yes","No") -> Yes | Q50: =IF(L50<>"","Yes","No") -> No | R50: =IF('Mr. Deepak Kanojia'!M5="","",'Mr. Deepak Kanojia'!M5) | S50: =IF('Mr. Deepak Kanojia'!N5="","",'Mr. Deepak Kanojia'!N5) | T50: =IF('Mr. Deepak Kanojia'!O5="","",'Mr. Deepak Kanojia'!O5) | U50: =IF('Mr. Deepak Kanojia'!P5="","",'Mr. Deepak Kanojia'!P5) | V50: =IF('Mr. Deepak Kanojia'!Q5="","",'Mr. Deepak Kanojia'!Q5) | W50: =IF(COUNT(R50:V50)=0,"",SUM(R50:V50)) | X50: =IF('Mr. Deepak Kanojia'!S5="","",'Mr. Deepak Kanojia'!S5) | Y50: =IF('Mr. Deepak Kanojia'!T5="","",'Mr. Deepak Kanojia'!T5) | Z50: =IF('Mr. Deepak Kanojia'!U5="","",'Mr. Deepak Kanojia'!U5) | AA50: =IF('Mr. Deepak Kanojia'!V5="","",'Mr. Deepak Kanojia'!V5) | AB50: =IF('Mr. Deepak Kanojia'!W5="","",'Mr. Deepak Kanojia'!W5) | AC50: =IF(COUNT(X50:AB50)=0,"",SUM(X50:AB50)) | AD50: =IF(COUNT(M50,W50,AC50)=0,"",ROUND(SUM(M50,W50,AC50),2)) -> 5.4 | AE50: =IF(W50<>"","Yes","No") -> No | AF50: =IF(AC50<>"","Yes","No") -> No | AG50: =IF(A50<>"",A50,AG49) -> P_013 | AH50: =IF(B50<>"",B50,IF(A50<>"","",AH49)) | AI50: =IF(D50<>"",D50,AI49) -> Mr. Deepak Kanojia
E51: 2400320100602 | F51: Khushi Tiwari | G51: =IFERROR(INDEX('Evaluation-1'!$N$6:$N$436,MATCH($A51&"|"&$E51,'Evaluation-1'!$P$6:$P$436,0)),IFERROR(INDEX('Evaluation-1'!$N$6:$N$436,MATCH($E51,'Evaluation-1'!$G$6:$G$436,0)),"")) -> 5.4 | H51: =IF('Mr. Deepak Kanojia'!F6="","",'Mr. Deepak Kanojia'!F6) | I51: =IF('Mr. Deepak Kanojia'!G6="","",'Mr. Deepak Kanojia'!G6) | J51: =IF('Mr. Deepak Kanojia'!H6="","",'Mr. Deepak Kanojia'!H6) | K51: =IF('Mr. Deepak Kanojia'!I6="","",'Mr. Deepak Kanojia'!I6) | L51: =IF(COUNT(H51:K51)=0,"",SUM(H51:K51)) | M51: =IF(COUNT(G51,L51)=0,"",ROUND(SUM(G51,L51),2)) -> 5.4 | N51: =IF($G51="","Not in Evaluation-1",IF(TRIM(LOWER(IFERROR(INDEX('Evaluation-1'!$H$6:$H$436,MATCH($A51&"|"&$E51,'Evaluation-1'!$P$6:$P$436,0)),INDEX('Evaluation-1'!$H$6:$H$436,MATCH($E51,'Evaluation-1'!$G$6:$G$436,0)))))=TRIM(LOWER($F51)),"OK","CHECK NAME")) -> OK | O51: =IF(C51<>"",C51,O50) -> Ms. Babli Kumari | P51: =IF(OR(ISNUMBER(IFERROR(INDEX('Evaluation-1'!$K$6:$K$436,MATCH($A51&"|"&$E51,'Evaluation-1'!$P$6:$P$436,0)),IFERROR(INDEX('Evaluation-1'!$K$6:$K$436,MATCH($E51,'Evaluation-1'!$G$6:$G$436,0)),""))),ISNUMBER(IFERROR(INDEX('Evaluation-1'!$L$6:$L$436,MATCH($A51&"|"&$E51,'Evaluation-1'!$P$6:$P$436,0)),IFERROR(INDEX('Evaluation-1'!$L$6:$L$436,MATCH($E51,'Evaluation-1'!$G$6:$G$436,0)),"")))),"Yes","No") -> Yes | Q51: =IF(L51<>"","Yes","No") -> No | R51: =IF('Mr. Deepak Kanojia'!M6="","",'Mr. Deepak Kanojia'!M6) | S51: =IF('Mr. Deepak Kanojia'!N6="","",'Mr. Deepak Kanojia'!N6) | T51: =IF('Mr. Deepak Kanojia'!O6="","",'Mr. Deepak Kanojia'!O6) | U51: =IF('Mr. Deepak Kanojia'!P6="","",'Mr. Deepak Kanojia'!P6) | V51: =IF('Mr. Deepak Kanojia'!Q6="","",'Mr. Deepak Kanojia'!Q6) | W51: =IF(COUNT(R51:V51)=0,"",SUM(R51:V51)) | X51: =IF('Mr. Deepak Kanojia'!S6="","",'Mr. Deepak Kanojia'!S6) | Y51: =IF('Mr. Deepak Kanojia'!T6="","",'Mr. Deepak Kanojia'!T6) | Z51: =IF('Mr. Deepak Kanojia'!U6="","",'Mr. Deepak Kanojia'!U6) | AA51: =IF('Mr. Deepak Kanojia'!V6="","",'Mr. Deepak Kanojia'!V6) | AB51: =IF('Mr. Deepak Kanojia'!W6="","",'Mr. Deepak Kanojia'!W6) | AC51: =IF(COUNT(X51:AB51)=0,"",SUM(X51:AB51)) | AD51: =IF(COUNT(M51,W51,AC51)=0,"",ROUND(SUM(M51,W51,AC51),2)) -> 5.4 | AE51: =IF(W51<>"","Yes","No") -> No | AF51: =IF(AC51<>"","Yes","No") -> No | AG51: =IF(A51<>"",A51,AG50) -> P_013 | AH51: =IF(B51<>"",B51,IF(A51<>"","",AH50)) | AI51: =IF(D51<>"",D51,AI50) -> Mr. Deepak Kanojia
E52: 2400320100613 | F52: Krish Shrivastava | G52: =IFERROR(INDEX('Evaluation-1'!$N$6:$N$436,MATCH($A52&"|"&$E52,'Evaluation-1'!$P$6:$P$436,0)),IFERROR(INDEX('Evaluation-1'!$N$6:$N$436,MATCH($E52,'Evaluation-1'!$G$6:$G$436,0)),"")) -> 5.4 | H52: =IF('Mr. Deepak Kanojia'!F7="","",'Mr. Deepak Kanojia'!F7) | I52: =IF('Mr. Deepak Kanojia'!G7="","",'Mr. Deepak Kanojia'!G7) | J52: =IF('Mr. Deepak Kanojia'!H7="","",'Mr. Deepak Kanojia'!H7) | K52: =IF('Mr. Deepak Kanojia'!I7="","",'Mr. Deepak Kanojia'!I7) | L52: =IF(COUNT(H52:K52)=0,"",SUM(H52:K52)) | M52: =IF(COUNT(G52,L52)=0,"",ROUND(SUM(G52,L52),2)) -> 5.4 | N52: =IF($G52="","Not in Evaluation-1",IF(TRIM(LOWER(IFERROR(INDEX('Evaluation-1'!$H$6:$H$436,MATCH($A52&"|"&$E52,'Evaluation-1'!$P$6:$P$436,0)),INDEX('Evaluation-1'!$H$6:$H$436,MATCH($E52,'Evaluation-1'!$G$6:$G$436,0)))))=TRIM(LOWER($F52)),"OK","CHECK NAME")) -> OK | O52: =IF(C52<>"",C52,O51) -> Ms. Babli Kumari | P52: =IF(OR(ISNUMBER(IFERROR(INDEX('Evaluation-1'!$K$6:$K$436,MATCH($A52&"|"&$E52,'Evaluation-1'!$P$6:$P$436,0)),IFERROR(INDEX('Evaluation-1'!$K$6:$K$436,MATCH($E52,'Evaluation-1'!$G$6:$G$436,0)),""))),ISNUMBER(IFERROR(INDEX('Evaluation-1'!$L$6:$L$436,MATCH($A52&"|"&$E52,'Evaluation-1'!$P$6:$P$436,0)),IFERROR(INDEX('Evaluation-1'!$L$6:$L$436,MATCH($E52,'Evaluation-1'!$G$6:$G$436,0)),"")))),"Yes","No") -> Yes | Q52: =IF(L52<>"","Yes","No") -> No | R52: =IF('Mr. Deepak Kanojia'!M7="","",'Mr. Deepak Kanojia'!M7) | S52: =IF('Mr. Deepak Kanojia'!N7="","",'Mr. Deepak Kanojia'!N7) | T52: =IF('Mr. Deepak Kanojia'!O7="","",'Mr. Deepak Kanojia'!O7) | U52: =IF('Mr. Deepak Kanojia'!P7="","",'Mr. Deepak Kanojia'!P7) | V52: =IF('Mr. Deepak Kanojia'!Q7="","",'Mr. Deepak Kanojia'!Q7) | W52: =IF(COUNT(R52:V52)=0,"",SUM(R52:V52)) | X52: =IF('Mr. Deepak Kanojia'!S7="","",'Mr. Deepak Kanojia'!S7) | Y52: =IF('Mr. Deepak Kanojia'!T7="","",'Mr. Deepak Kanojia'!T7) | Z52: =IF('Mr. Deepak Kanojia'!U7="","",'Mr. Deepak Kanojia'!U7) | AA52: =IF('Mr. Deepak Kanojia'!V7="","",'Mr. Deepak Kanojia'!V7) | AB52: =IF('Mr. Deepak Kanojia'!W7="","",'Mr. Deepak Kanojia'!W7) | AC52: =IF(COUNT(X52:AB52)=0,"",SUM(X52:AB52)) | AD52: =IF(COUNT(M52,W52,AC52)=0,"",ROUND(SUM(M52,W52,AC52),2)) -> 5.4 | AE52: =IF(W52<>"","Yes","No") -> No | AF52: =IF(AC52<>"","Yes","No") -> No | AG52: =IF(A52<>"",A52,AG51) -> P_013 | AH52: =IF(B52<>"",B52,IF(A52<>"","",AH51)) | AI52: =IF(D52<>"",D52,AI51) -> Mr. Deepak Kanojia
A53: P_014 | B53: =IF('Mr. Deepak Kanojia'!B8="","",'Mr. Deepak Kanojia'!B8) | E53: 2400320100484 | F53: Harsh chauhan | G53: =IFERROR(INDEX('Evaluation-1'!$N$6:$N$436,MATCH($A53&"|"&$E53,'Evaluation-1'!$P$6:$P$436,0)),IFERROR(INDEX('Evaluation-1'!$N$6:$N$436,MATCH($E53,'Evaluation-1'!$G$6:$G$436,0)),"")) -> 6 | H53: =IF('Mr. Deepak Kanojia'!F8="","",'Mr. Deepak Kanojia'!F8) | I53: =IF('Mr. Deepak Kanojia'!G8="","",'Mr. Deepak Kanojia'!G8) | J53: =IF('Mr. Deepak Kanojia'!H8="","",'Mr. Deepak Kanojia'!H8) | K53: =IF('Mr. Deepak Kanojia'!I8="","",'Mr. Deepak Kanojia'!I8) | L53: =IF(COUNT(H53:K53)=0,"",SUM(H53:K53)) | M53: =IF(COUNT(G53,L53)=0,"",ROUND(SUM(G53,L53),2)) -> 6 | N53: =IF($G53="","Not in Evaluation-1",IF(TRIM(LOWER(IFERROR(INDEX('Evaluation-1'!$H$6:$H$436,MATCH($A53&"|"&$E53,'Evaluation-1'!$P$6:$P$436,0)),INDEX('Evaluation-1'!$H$6:$H$436,MATCH($E53,'Evaluation-1'!$G$6:$G$436,0)))))=TRIM(LOWER($F53)),"OK","CHECK NAME")) -> OK | O53: =IF(C53<>"",C53,O52) -> Ms. Babli Kumari | P53: =IF(OR(ISNUMBER(IFERROR(INDEX('Evaluation-1'!$K$6:$K$436,MATCH($A53&"|"&$E53,'Evaluation-1'!$P$6:$P$436,0)),IFERROR(INDEX('Evaluation-1'!$K$6:$K$436,MATCH($E53,'Evaluation-1'!$G$6:$G$436,0)),""))),ISNUMBER(IFERROR(INDEX('Evaluation-1'!$L$6:$L$436,MATCH($A53&"|"&$E53,'Evaluation-1'!$P$6:$P$436,0)),IFERROR(INDEX('Evaluation-1'!$L$6:$L$436,MATCH($E53,'Evaluation-1'!$G$6:$G$436,0)),"")))),"Yes","No") -> Yes | Q53: =IF(L53<>"","Yes","No") -> No | R53: =IF('Mr. Deepak Kanojia'!M8="","",'Mr. Deepak Kanojia'!M8) | S53: =IF('Mr. Deepak Kanojia'!N8="","",'Mr. Deepak Kanojia'!N8) | T53: =IF('Mr. Deepak Kanojia'!O8="","",'Mr. Deepak Kanojia'!O8) | U53: =IF('Mr. Deepak Kanojia'!P8="","",'Mr. Deepak Kanojia'!P8) | V53: =IF('Mr. Deepak Kanojia'!Q8="","",'Mr. Deepak Kanojia'!Q8) | W53: =IF(COUNT(R53:V53)=0,"",SUM(R53:V53)) | X53: =IF('Mr. Deepak Kanojia'!S8="","",'Mr. Deepak Kanojia'!S8) | Y53: =IF('Mr. Deepak Kanojia'!T8="","",'Mr. Deepak Kanojia'!T8) | Z53: =IF('Mr. Deepak Kanojia'!U8="","",'Mr. Deepak Kanojia'!U8) | AA53: =IF('Mr. Deepak Kanojia'!V8="","",'Mr. Deepak Kanojia'!V8) | AB53: =IF('Mr. Deepak Kanojia'!W8="","",'Mr. Deepak Kanojia'!W8) | AC53: =IF(COUNT(X53:AB53)=0,"",SUM(X53:AB53)) | AD53: =IF(COUNT(M53,W53,AC53)=0,"",ROUND(SUM(M53,W53,AC53),2)) -> 6 | AE53: =IF(W53<>"","Yes","No") -> No | AF53: =IF(AC53<>"","Yes","No") -> No | AG53: =IF(A53<>"",A53,AG52) -> P_014 | AH53: =IF(B53<>"",B53,IF(A53<>"","",AH52)) | AI53: =IF(D53<>"",D53,AI52) -> Mr. Deepak Kanojia
A54: P_015 | B54: =IF('Mr. Deepak Kanojia'!B9="","",'Mr. Deepak Kanojia'!B9) | E54: 2400320100747 | F54: Nikhil Rawat | G54: =IFERROR(INDEX('Evaluation-1'!$N$6:$N$436,MATCH($A54&"|"&$E54,'Evaluation-1'!$P$6:$P$436,0)),IFERROR(INDEX('Evaluation-1'!$N$6:$N$436,MATCH($E54,'Evaluation-1'!$G$6:$G$436,0)),"")) -> 5.4 | H54: =IF('Mr. Deepak Kanojia'!F9="","",'Mr. Deepak Kanojia'!F9) | I54: =IF('Mr. Deepak Kanojia'!G9="","",'Mr. Deepak Kanojia'!G9) | J54: =IF('Mr. Deepak Kanojia'!H9="","",'Mr. Deepak Kanojia'!H9) | K54: =IF('Mr. Deepak Kanojia'!I9="","",'Mr. Deepak Kanojia'!I9) | L54: =IF(COUNT(H54:K54)=0,"",SUM(H54:K54)) | M54: =IF(COUNT(G54,L54)=0,"",ROUND(SUM(G54,L54),2)) -> 5.4 | N54: =IF($G54="","Not in Evaluation-1",IF(TRIM(LOWER(IFERROR(INDEX('Evaluation-1'!$H$6:$H$436,MATCH($A54&"|"&$E54,'Evaluation-1'!$P$6:$P$436,0)),INDEX('Evaluation-1'!$H$6:$H$436,MATCH($E54,'Evaluation-1'!$G$6:$G$436,0)))))=TRIM(LOWER($F54)),"OK","CHECK NAME")) -> OK | O54: =IF(C54<>"",C54,O53) -> Ms. Babli Kumari | P54: =IF(OR(ISNUMBER(IFERROR(INDEX('Evaluation-1'!$K$6:$K$436,MATCH($A54&"|"&$E54,'Evaluation-1'!$P$6:$P$436,0)),IFERROR(INDEX('Evaluation-1'!$K$6:$K$436,MATCH($E54,'Evaluation-1'!$G$6:$G$436,0)),""))),ISNUMBER(IFERROR(INDEX('Evaluation-1'!$L$6:$L$436,MATCH($A54&"|"&$E54,'Evaluation-1'!$P$6:$P$436,0)),IFERROR(INDEX('Evaluation-1'!$L$6:$L$436,MATCH($E54,'Evaluation-1'!$G$6:$G$436,0)),"")))),"Yes","No") -> Yes | Q54: =IF(L54<>"","Yes","No") -> No | R54: =IF('Mr. Deepak Kanojia'!M9="","",'Mr. Deepak Kanojia'!M9) | S54: =IF('Mr. Deepak Kanojia'!N9="","",'Mr. Deepak Kanojia'!N9) | T54: =IF('Mr. Deepak Kanojia'!O9="","",'Mr. Deepak Kanojia'!O9) | U54: =IF('Mr. Deepak Kanojia'!P9="","",'Mr. Deepak Kanojia'!P9) | V54: =IF('Mr. Deepak Kanojia'!Q9="","",'Mr. Deepak Kanojia'!Q9) | W54: =IF(COUNT(R54:V54)=0,"",SUM(R54:V54)) | X54: =IF('Mr. Deepak Kanojia'!S9="","",'Mr. Deepak Kanojia'!S9) | Y54: =IF('Mr. Deepak Kanojia'!T9="","",'Mr. Deepak Kanojia'!T9) | Z54: =IF('Mr. Deepak Kanojia'!U9="","",'Mr. Deepak Kanojia'!U9) | AA54: =IF('Mr. Deepak Kanojia'!V9="","",'Mr. Deepak Kanojia'!V9) | AB54: =IF('Mr. Deepak Kanojia'!W9="","",'Mr. Deepak Kanojia'!W9) | AC54: =IF(COUNT(X54:AB54)=0,"",SUM(X54:AB54)) | AD54: =IF(COUNT(M54,W54,AC54)=0,"",ROUND(SUM(M54,W54,AC54),2)) -> 5.4 | AE54: =IF(W54<>"","Yes","No") -> No | AF54: =IF(AC54<>"","Yes","No") -> No | AG54: =IF(A54<>"",A54,AG53) -> P_015 | AH54: =IF(B54<>"",B54,IF(A54<>"","",AH53)) | AI54: =IF(D54<>"",D54,AI53) -> Mr. Deepak Kanojia
E55: 2400320100745 | F55: Nikhil Dev Singh | G55: =IFERROR(INDEX('Evaluation-1'!$N$6:$N$436,MATCH($A55&"|"&$E55,'Evaluation-1'!$P$6:$P$436,0)),IFERROR(INDEX('Evaluation-1'!$N$6:$N$436,MATCH($E55,'Evaluation-1'!$G$6:$G$436,0)),"")) -> 5.4 | H55: =IF('Mr. Deepak Kanojia'!F10="","",'Mr. Deepak Kanojia'!F10) | I55: =IF('Mr. Deepak Kanojia'!G10="","",'Mr. Deepak Kanojia'!G10) | J55: =IF('Mr. Deepak Kanojia'!H10="","",'Mr. Deepak Kanojia'!H10) | K55: =IF('Mr. Deepak Kanojia'!I10="","",'Mr. Deepak Kanojia'!I10) | L55: =IF(COUNT(H55:K55)=0,"",SUM(H55:K55)) | M55: =IF(COUNT(G55,L55)=0,"",ROUND(SUM(G55,L55),2)) -> 5.4 | N55: =IF($G55="","Not in Evaluation-1",IF(TRIM(LOWER(IFERROR(INDEX('Evaluation-1'!$H$6:$H$436,MATCH($A55&"|"&$E55,'Evaluation-1'!$P$6:$P$436,0)),INDEX('Evaluation-1'!$H$6:$H$436,MATCH($E55,'Evaluation-1'!$G$6:$G$436,0)))))=TRIM(LOWER($F55)),"OK","CHECK NAME")) -> OK | O55: =IF(C55<>"",C55,O54) -> Ms. Babli Kumari | P55: =IF(OR(ISNUMBER(IFERROR(INDEX('Evaluation-1'!$K$6:$K$436,MATCH($A55&"|"&$E55,'Evaluation-1'!$P$6:$P$436,0)),IFERROR(INDEX('Evaluation-1'!$K$6:$K$436,MATCH($E55,'Evaluation-1'!$G$6:$G$436,0)),""))),ISNUMBER(IFERROR(INDEX('Evaluation-1'!$L$6:$L$436,MATCH($A55&"|"&$E55,'Evaluation-1'!$P$6:$P$436,0)),IFERROR(INDEX('Evaluation-1'!$L$6:$L$436,MATCH($E55,'Evaluation-1'!$G$6:$G$436,0)),"")))),"Yes","No") -> Yes | Q55: =IF(L55<>"","Yes","No") -> No | R55: =IF('Mr. Deepak Kanojia'!M10="","",'Mr. Deepak Kanojia'!M10) | S55: =IF('Mr. Deepak Kanojia'!N10="","",'Mr. Deepak Kanojia'!N10) | T55: =IF('Mr. Deepak Kanojia'!O10="","",'Mr. Deepak Kanojia'!O10) | U55: =IF('Mr. Deepak Kanojia'!P10="","",'Mr. Deepak Kanojia'!P10) | V55: =IF('Mr. Deepak Kanojia'!Q10="","",'Mr. Deepak Kanojia'!Q10) | W55: =IF(COUNT(R55:V55)=0,"",SUM(R55:V55)) | X55: =IF('Mr. Deepak Kanojia'!S10="","",'Mr. Deepak Kanojia'!S10) | Y55: =IF('Mr. Deepak Kanojia'!T10="","",'Mr. Deepak Kanojia'!T10) | Z55: =IF('Mr. Deepak Kanojia'!U10="","",'Mr. Deepak Kanojia'!U10) | AA55: =IF('Mr. Deepak Kanojia'!V10="","",'Mr. Deepak Kanojia'!V10) | AB55: =IF('Mr. Deepak Kanojia'!W10="","",'Mr. Deepak Kanojia'!W10) | AC55: =IF(COUNT(X55:AB55)=0,"",SUM(X55:AB55)) | AD55: =IF(COUNT(M55,W55,AC55)=0,"",ROUND(SUM(M55,W55,AC55),2)) -> 5.4 | AE55: =IF(W55<>"","Yes","No") -> No | AF55: =IF(AC55<>"","Yes","No") -> No | AG55: =IF(A55<>"",A55,AG54) -> P_015 | AH55: =IF(B55<>"",B55,IF(A55<>"","",AH54)) | AI55: =IF(D55<>"",D55,AI54) -> Mr. Deepak Kanojia
E56: 2400320100790 | F56: Parth Singh | G56: =IFERROR(INDEX('Evaluation-1'!$N$6:$N$436,MATCH($A56&"|"&$E56,'Evaluation-1'!$P$6:$P$436,0)),IFERROR(INDEX('Evaluation-1'!$N$6:$N$436,MATCH($E56,'Evaluation-1'!$G$6:$G$436,0)),"")) -> 5.4 | H56: =IF('Mr. Deepak Kanojia'!F11="","",'Mr. Deepak Kanojia'!F11) -> 5 | I56: =IF('Mr. Deepak Kanojia'!G11="","",'Mr. Deepak Kanojia'!G11) -> 5 | J56: =IF('Mr. Deepak Kanojia'!H11="","",'Mr. Deepak Kanojia'!H11) -> 5 | K56: =IF('Mr. Deepak Kanojia'!I11="","",'Mr. Deepak Kanojia'!I11) -> 5 | L56: =IF(COUNT(H56:K56)=0,"",SUM(H56:K56)) -> 20 | M56: =IF(COUNT(G56,L56)=0,"",ROUND(SUM(G56,L56),2)) -> 25.4 | N56: =IF($G56="","Not in Evaluation-1",IF(TRIM(LOWER(IFERROR(INDEX('Evaluation-1'!$H$6:$H$436,MATCH($A56&"|"&$E56,'Evaluation-1'!$P$6:$P$436,0)),INDEX('Evaluation-1'!$H$6:$H$436,MATCH($E56,'Evaluation-1'!$G$6:$G$436,0)))))=TRIM(LOWER($F56)),"OK","CHECK NAME")) -> OK | O56: =IF(C56<>"",C56,O55) -> Ms. Babli Kumari | P56: =IF(OR(ISNUMBER(IFERROR(INDEX('Evaluation-1'!$K$6:$K$436,MATCH($A56&"|"&$E56,'Evaluation-1'!$P$6:$P$436,0)),IFERROR(INDEX('Evaluation-1'!$K$6:$K$436,MATCH($E56,'Evaluation-1'!$G$6:$G$436,0)),""))),ISNUMBER(IFERROR(INDEX('Evaluation-1'!$L$6:$L$436,MATCH($A56&"|"&$E56,'Evaluation-1'!$P$6:$P$436,0)),IFERROR(INDEX('Evaluation-1'!$L$6:$L$436,MATCH($E56,'Evaluation-1'!$G$6:$G$436,0)),"")))),"Yes","No") -> Yes | Q56: =IF(L56<>"","Yes","No") -> Yes | R56: =IF('Mr. Deepak Kanojia'!M11="","",'Mr. Deepak Kanojia'!M11) | S56: =IF('Mr. Deepak Kanojia'!N11="","",'Mr. Deepak Kanojia'!N11) | T56: =IF('Mr. Deepak Kanojia'!O11="","",'Mr. Deepak Kanojia'!O11) | U56: =IF('Mr. Deepak Kanojia'!P11="","",'Mr. Deepak Kanojia'!P11) | V56: =IF('Mr. Deepak Kanojia'!Q11="","",'Mr. Deepak Kanojia'!Q11) | W56: =IF(COUNT(R56:V56)=0,"",SUM(R56:V56)) | X56: =IF('Mr. Deepak Kanojia'!S11="","",'Mr. Deepak Kanojia'!S11) | Y56: =IF('Mr. Deepak Kanojia'!T11="","",'Mr. Deepak Kanojia'!T11) | Z56: =IF('Mr. Deepak Kanojia'!U11="","",'Mr. Deepak Kanojia'!U11) | AA56: =IF('Mr. Deepak Kanojia'!V11="","",'Mr. Deepak Kanojia'!V11) | AB56: =IF('Mr. Deepak Kanojia'!W11="","",'Mr. Deepak Kanojia'!W11) | AC56: =IF(COUNT(X56:AB56)=0,"",SUM(X56:AB56)) | AD56: =IF(COUNT(M56,W56,AC56)=0,"",ROUND(SUM(M56,W56,AC56),2)) -> 25.4 | AE56: =IF(W56<>"","Yes","No") -> No | AF56: =IF(AC56<>"","Yes","No") -> No | AG56: =IF(A56<>"",A56,AG55) -> P_015 | AH56: =IF(B56<>"",B56,IF(A56<>"","",AH55)) | AI56: =IF(D56<>"",D56,AI55) -> Mr. Deepak Kanojia
E57: 2400320100759 | F57: Nishant gar | G57: =IFERROR(INDEX('Evaluation-1'!$N$6:$N$436,MATCH($A57&"|"&$E57,'Evaluation-1'!$P$6:$P$436,0)),IFERROR(INDEX('Evaluation-1'!$N$6:$N$436,MATCH($E57,'Evaluation-1'!$G$6:$G$436,0)),"")) -> 5.4 | H57: =IF('Mr. Deepak Kanojia'!F12="","",'Mr. Deepak Kanojia'!F12) | I57: =IF('Mr. Deepak Kanojia'!G12="","",'Mr. Deepak Kanojia'!G12) | J57: =IF('Mr. Deepak Kanojia'!H12="","",'Mr. Deepak Kanojia'!H12) | K57: =IF('Mr. Deepak Kanojia'!I12="","",'Mr. Deepak Kanojia'!I12) | L57: =IF(COUNT(H57:K57)=0,"",SUM(H57:K57)) | M57: =IF(COUNT(G57,L57)=0,"",ROUND(SUM(G57,L57),2)) -> 5.4 | N57: =IF($G57="","Not in Evaluation-1",IF(TRIM(LOWER(IFERROR(INDEX('Evaluation-1'!$H$6:$H$436,MATCH($A57&"|"&$E57,'Evaluation-1'!$P$6:$P$436,0)),INDEX('Evaluation-1'!$H$6:$H$436,MATCH($E57,'Evaluation-1'!$G$6:$G$436,0)))))=TRIM(LOWER($F57)),"OK","CHECK NAME")) -> OK | O57: =IF(C57<>"",C57,O56) -> Ms. Babli Kumari | P57: =IF(OR(ISNUMBER(IFERROR(INDEX('Evaluation-1'!$K$6:$K$436,MATCH($A57&"|"&$E57,'Evaluation-1'!$P$6:$P$436,0)),IFERROR(INDEX('Evaluation-1'!$K$6:$K$436,MATCH($E57,'Evaluation-1'!$G$6:$G$436,0)),""))),ISNUMBER(IFERROR(INDEX('Evaluation-1'!$L$6:$L$436,MATCH($A57&"|"&$E57,'Evaluation-1'!$P$6:$P$436,0)),IFERROR(INDEX('Evaluation-1'!$L$6:$L$436,MATCH($E57,'Evaluation-1'!$G$6:$G$436,0)),"")))),"Yes","No") -> Yes | Q57: =IF(L57<>"","Yes","No") -> No | R57: =IF('Mr. Deepak Kanojia'!M12="","",'Mr. Deepak Kanojia'!M12) | S57: =IF('Mr. Deepak Kanojia'!N12="","",'Mr. Deepak Kanojia'!N12) | T57: =IF('Mr. Deepak Kanojia'!O12="","",'Mr. Deepak Kanojia'!O12) | U57: =IF('Mr. Deepak Kanojia'!P12="","",'Mr. Deepak Kanojia'!P12) | V57: =IF('Mr. Deepak Kanojia'!Q12="","",'Mr. Deepak Kanojia'!Q12) | W57: =IF(COUNT(R57:V57)=0,"",SUM(R57:V57)) | X57: =IF('Mr. Deepak Kanojia'!S12="","",'Mr. Deepak Kanojia'!S12) | Y57: =IF('Mr. Deepak Kanojia'!T12="","",'Mr. Deepak Kanojia'!T12) | Z57: =IF('Mr. Deepak Kanojia'!U12="","",'Mr. Deepak Kanojia'!U12) | AA57: =IF('Mr. Deepak Kanojia'!V12="","",'Mr. Deepak Kanojia'!V12) | AB57: =IF('Mr. Deepak Kanojia'!W12="","",'Mr. Deepak Kanojia'!W12) | AC57: =IF(COUNT(X57:AB57)=0,"",SUM(X57:AB57)) | AD57: =IF(COUNT(M57,W57,AC57)=0,"",ROUND(SUM(M57,W57,AC57),2)) -> 5.4 | AE57: =IF(W57<>"","Yes","No") -> No | AF57: =IF(AC57<>"","Yes","No") -> No | AG57: =IF(A57<>"",A57,AG56) -> P_015 | AH57: =IF(B57<>"",B57,IF(A57<>"","",AH56)) | AI57: =IF(D57<>"",D57,AI56) -> Mr. Deepak Kanojia
A58: P_016 | B58: =IF('Mr. Deepak Kanojia'!B13="","",'Mr. Deepak Kanojia'!B13) | E58: 2400320100546 | F58: Jatin Raghav | G58: =IFERROR(INDEX('Evaluation-1'!$N$6:$N$436,MATCH($A58&"|"&$E58,'Evaluation-1'!$P$6:$P$436,0)),IFERROR(INDEX('Evaluation-1'!$N$6:$N$436,MATCH($E58,'Evaluation-1'!$G$6:$G$436,0)),"")) -> 6 | H58: =IF('Mr. Deepak Kanojia'!F13="","",'Mr. Deepak Kanojia'!F13) | I58: =IF('Mr. Deepak Kanojia'!G13="","",'Mr. Deepak Kanojia'!G13) | J58: =IF('Mr. Deepak Kanojia'!H13="","",'Mr. Deepak Kanojia'!H13) | K58: =IF('Mr. Deepak Kanojia'!I13="","",'Mr. Deepak Kanojia'!I13) | L58: =IF(COUNT(H58:K58)=0,"",SUM(H58:K58)) | M58: =IF(COUNT(G58,L58)=0,"",ROUND(SUM(G58,L58),2)) -> 6 | N58: =IF($G58="","Not in Evaluation-1",IF(TRIM(LOWER(IFERROR(INDEX('Evaluation-1'!$H$6:$H$436,MATCH($A58&"|"&$E58,'Evaluation-1'!$P$6:$P$436,0)),INDEX('Evaluation-1'!$H$6:$H$436,MATCH($E58,'Evaluation-1'!$G$6:$G$436,0)))))=TRIM(LOWER($F58)),"OK","CHECK NAME")) -> OK | O58: =IF(C58<>"",C58,O57) -> Ms. Babli Kumari | P58: =IF(OR(ISNUMBER(IFERROR(INDEX('Evaluation-1'!$K$6:$K$436,MATCH($A58&"|"&$E58,'Evaluation-1'!$P$6:$P$436,0)),IFERROR(INDEX('Evaluation-1'!$K$6:$K$436,MATCH($E58,'Evaluation-1'!$G$6:$G$436,0)),""))),ISNUMBER(IFERROR(INDEX('Evaluation-1'!$L$6:$L$436,MATCH($A58&"|"&$E58,'Evaluation-1'!$P$6:$P$436,0)),IFERROR(INDEX('Evaluation-1'!$L$6:$L$436,MATCH($E58,'Evaluation-1'!$G$6:$G$436,0)),"")))),"Yes","No") -> Yes | Q58: =IF(L58<>"","Yes","No") -> No | R58: =IF('Mr. Deepak Kanojia'!M13="","",'Mr. Deepak Kanojia'!M13) | S58: =IF('Mr. Deepak Kanojia'!N13="","",'Mr. Deepak Kanojia'!N13) | T58: =IF('Mr. Deepak Kanojia'!O13="","",'Mr. Deepak Kanojia'!O13) | U58: =IF('Mr. Deepak Kanojia'!P13="","",'Mr. Deepak Kanojia'!P13) | V58: =IF('Mr. Deepak Kanojia'!Q13="","",'Mr. Deepak Kanojia'!Q13) | W58: =IF(COUNT(R58:V58)=0,"",SUM(R58:V58)) | X58: =IF('Mr. Deepak Kanojia'!S13="","",'Mr. Deepak Kanojia'!S13) | Y58: =IF('Mr. Deepak Kanojia'!T13="","",'Mr. Deepak Kanojia'!T13) | Z58: =IF('Mr. Deepak Kanojia'!U13="","",'Mr. Deepak Kanojia'!U13) | AA58: =IF('Mr. Deepak Kanojia'!V13="","",'Mr. Deepak Kanojia'!V13) | AB58: =IF('Mr. Deepak Kanojia'!W13="","",'Mr. Deepak Kanojia'!W13) | AC58: =IF(COUNT(X58:AB58)=0,"",SUM(X58:AB58)) | AD58: =IF(COUNT(M58,W58,AC58)=0,"",ROUND(SUM(M58,W58,AC58),2)) -> 6 | AE58: =IF(W58<>"","Yes","No") -> No | AF58: =IF(AC58<>"","Yes","No") -> No | AG58: =IF(A58<>"",A58,AG57) -> P_016 | AH58: =IF(B58<>"",B58,IF(A58<>"","",AH57)) | AI58: =IF(D58<>"",D58,AI57) -> Mr. Deepak Kanojia
E59: 2400320100511 | F59: Harshit Rohilla | G59: =IFERROR(INDEX('Evaluation-1'!$N$6:$N$436,MATCH($A59&"|"&$E59,'Evaluation-1'!$P$6:$P$436,0)),IFERROR(INDEX('Evaluation-1'!$N$6:$N$436,MATCH($E59,'Evaluation-1'!$G$6:$G$436,0)),"")) -> 6 | H59: =IF('Mr. Deepak Kanojia'!F14="","",'Mr. Deepak Kanojia'!F14) | I59: =IF('Mr. Deepak Kanojia'!G14="","",'Mr. Deepak Kanojia'!G14) | J59: =IF('Mr. Deepak Kanojia'!H14="","",'Mr. Deepak Kanojia'!H14) | K59: =IF('Mr. Deepak Kanojia'!I14="","",'Mr. Deepak Kanojia'!I14) | L59: =IF(COUNT(H59:K59)=0,"",SUM(H59:K59)) | M59: =IF(COUNT(G59,L59)=0,"",ROUND(SUM(G59,L59),2)) -> 6 | N59: =IF($G59="","Not in Evaluation-1",IF(TRIM(LOWER(IFERROR(INDEX('Evaluation-1'!$H$6:$H$436,MATCH($A59&"|"&$E59,'Evaluation-1'!$P$6:$P$436,0)),INDEX('Evaluation-1'!$H$6:$H$436,MATCH($E59,'Evaluation-1'!$G$6:$G$436,0)))))=TRIM(LOWER($F59)),"OK","CHECK NAME")) -> OK | O59: =IF(C59<>"",C59,O58) -> Ms. Babli Kumari | P59: =IF(OR(ISNUMBER(IFERROR(INDEX('Evaluation-1'!$K$6:$K$436,MATCH($A59&"|"&$E59,'Evaluation-1'!$P$6:$P$436,0)),IFERROR(INDEX('Evaluation-1'!$K$6:$K$436,MATCH($E59,'Evaluation-1'!$G$6:$G$436,0)),""))),ISNUMBER(IFERROR(INDEX('Evaluation-1'!$L$6:$L$436,MATCH($A59&"|"&$E59,'Evaluation-1'!$P$6:$P$436,0)),IFERROR(INDEX('Evaluation-1'!$L$6:$L$436,MATCH($E59,'Evaluation-1'!$G$6:$G$436,0)),"")))),"Yes","No") -> Yes | Q59: =IF(L59<>"","Yes","No") -> No | R59: =IF('Mr. Deepak Kanojia'!M14="","",'Mr. Deepak Kanojia'!M14) | S59: =IF('Mr. Deepak Kanojia'!N14="","",'Mr. Deepak Kanojia'!N14) | T59: =IF('Mr. Deepak Kanojia'!O14="","",'Mr. Deepak Kanojia'!O14) | U59: =IF('Mr. Deepak Kanojia'!P14="","",'Mr. Deepak Kanojia'!P14) | V59: =IF('Mr. Deepak Kanojia'!Q14="","",'Mr. Deepak Kanojia'!Q14) | W59: =IF(COUNT(R59:V59)=0,"",SUM(R59:V59)) | X59: =IF('Mr. Deepak Kanojia'!S14="","",'Mr. Deepak Kanojia'!S14) | Y59: =IF('Mr. Deepak Kanojia'!T14="","",'Mr. Deepak Kanojia'!T14) | Z59: =IF('Mr. Deepak Kanojia'!U14="","",'Mr. Deepak Kanojia'!U14) | AA59: =IF('Mr. Deepak Kanojia'!V14="","",'Mr. Deepak Kanojia'!V14) | AB59: =IF('Mr. Deepak Kanojia'!W14="","",'Mr. Deepak Kanojia'!W14) | AC59: =IF(COUNT(X59:AB59)=0,"",SUM(X59:AB59)) | AD59: =IF(COUNT(M59,W59,AC59)=0,"",ROUND(SUM(M59,W59,AC59),2)) -> 6 | AE59: =IF(W59<>"","Yes","No") -> No | AF59: =IF(AC59<>"","Yes","No") -> No | AG59: =IF(A59<>"",A59,AG58) -> P_016 | AH59: =IF(B59<>"",B59,IF(A59<>"","",AH58)) | AI59: =IF(D59<>"",D59,AI58) -> Mr. Deepak Kanojia
A60: P_017 | B60: =IF('Dr. Shanu Sharma'!B4="","",'Dr. Shanu Sharma'!B4) | C60: Mr. Deepak Kanojia | D60: Dr. Shanu Sharma | E60: 2400320100791 | F60: PARTH SINGH | G60: =IFERROR(INDEX('Evaluation-1'!$N$6:$N$436,MATCH($A60&"|"&$E60,'Evaluation-1'!$P$6:$P$436,0)),IFERROR(INDEX('Evaluation-1'!$N$6:$N$436,MATCH($E60,'Evaluation-1'!$G$6:$G$436,0)),"")) -> 0 | H60: =IF('Dr. Shanu Sharma'!F4="","",'Dr. Shanu Sharma'!F4) | I60: =IF('Dr. Shanu Sharma'!G4="","",'Dr. Shanu Sharma'!G4) | J60: =IF('Dr. Shanu Sharma'!H4="","",'Dr. Shanu Sharma'!H4) | K60: =IF('Dr. Shanu Sharma'!I4="","",'Dr. Shanu Sharma'!I4) | L60: =IF(COUNT(H60:K60)=0,"",SUM(H60:K60)) | M60: =IF(COUNT(G60,L60)=0,"",ROUND(SUM(G60,L60),2)) -> 0 | N60: =IF($G60="","Not in Evaluation-1",IF(TRIM(LOWER(IFERROR(INDEX('Evaluation-1'!$H$6:$H$436,MATCH($A60&"|"&$E60,'Evaluation-1'!$P$6:$P$436,0)),INDEX('Evaluation-1'!$H$6:$H$436,MATCH($E60,'Evaluation-1'!$G$6:$G$436,0)))))=TRIM(LOWER($F60)),"OK","CHECK NAME")) -> OK | O60: =IF(C60<>"",C60,O59) -> Mr. Deepak Kanojia | P60: =IF(OR(ISNUMBER(IFERROR(INDEX('Evaluation-1'!$K$6:$K$436,MATCH($A60&"|"&$E60,'Evaluation-1'!$P$6:$P$436,0)),IFERROR(INDEX('Evaluation-1'!$K$6:$K$436,MATCH($E60,'Evaluation-1'!$G$6:$G$436,0)),""))),ISNUMBER(IFERROR(INDEX('Evaluation-1'!$L$6:$L$436,MATCH($A60&"|"&$E60,'Evaluation-1'!$P$6:$P$436,0)),IFERROR(INDEX('Evaluation-1'!$L$6:$L$436,MATCH($E60,'Evaluation-1'!$G$6:$G$436,0)),"")))),"Yes","No") -> No | Q60: =IF(L60<>"","Yes","No") -> No | R60: =IF('Dr. Shanu Sharma'!M4="","",'Dr. Shanu Sharma'!M4) | S60: =IF('Dr. Shanu Sharma'!N4="","",'Dr. Shanu Sharma'!N4) | T60: =IF('Dr. Shanu Sharma'!O4="","",'Dr. Shanu Sharma'!O4) | U60: =IF('Dr. Shanu Sharma'!P4="","",'Dr. Shanu Sharma'!P4) | V60: =IF('Dr. Shanu Sharma'!Q4="","",'Dr. Shanu Sharma'!Q4) | W60: =IF(COUNT(R60:V60)=0,"",SUM(R60:V60)) | X60: =IF('Dr. Shanu Sharma'!S4="","",'Dr. Shanu Sharma'!S4) | Y60: =IF('Dr. Shanu Sharma'!T4="","",'Dr. Shanu Sharma'!T4) | Z60: =IF('Dr. Shanu Sharma'!U4="","",'Dr. Shanu Sharma'!U4) | AA60: =IF('Dr. Shanu Sharma'!V4="","",'Dr. Shanu Sharma'!V4) | AB60: =IF('Dr. Shanu Sharma'!W4="","",'Dr. Shanu Sharma'!W4) | AC60: =IF(COUNT(X60:AB60)=0,"",SUM(X60:AB60)) | AD60: =IF(COUNT(M60,W60,AC60)=0,"",ROUND(SUM(M60,W60,AC60),2)) -> 0 | AE60: =IF(W60<>"","Yes","No") -> No | AF60: =IF(AC60<>"","Yes","No") -> No | AG60: =IF(A60<>"",A60,AG59) -> P_017 | AH60: =IF(B60<>"",B60,IF(A60<>"","",AH59)) | AI60: =IF(D60<>"",D60,AI59) -> Dr. Shanu Sharma
E61: 2400320100776 | F61: Omji | G61: =IFERROR(INDEX('Evaluation-1'!$N$6:$N$436,MATCH($A61&"|"&$E61,'Evaluation-1'!$P$6:$P$436,0)),IFERROR(INDEX('Evaluation-1'!$N$6:$N$436,MATCH($E61,'Evaluation-1'!$G$6:$G$436,0)),"")) -> 0 | H61: =IF('Dr. Shanu Sharma'!F5="","",'Dr. Shanu Sharma'!F5) | I61: =IF('Dr. Shanu Sharma'!G5="","",'Dr. Shanu Sharma'!G5) | J61: =IF('Dr. Shanu Sharma'!H5="","",'Dr. Shanu Sharma'!H5) | K61: =IF('Dr. Shanu Sharma'!I5="","",'Dr. Shanu Sharma'!I5) | L61: =IF(COUNT(H61:K61)=0,"",SUM(H61:K61)) | M61: =IF(COUNT(G61,L61)=0,"",ROUND(SUM(G61,L61),2)) -> 0 | N61: =IF($G61="","Not in Evaluation-1",IF(TRIM(LOWER(IFERROR(INDEX('Evaluation-1'!$H$6:$H$436,MATCH($A61&"|"&$E61,'Evaluation-1'!$P$6:$P$436,0)),INDEX('Evaluation-1'!$H$6:$H$436,MATCH($E61,'Evaluation-1'!$G$6:$G$436,0)))))=TRIM(LOWER($F61)),"OK","CHECK NAME")) -> OK | O61: =IF(C61<>"",C61,O60) -> Mr. Deepak Kanojia | P61: =IF(OR(ISNUMBER(IFERROR(INDEX('Evaluation-1'!$K$6:$K$436,MATCH($A61&"|"&$E61,'Evaluation-1'!$P$6:$P$436,0)),IFERROR(INDEX('Evaluation-1'!$K$6:$K$436,MATCH($E61,'Evaluation-1'!$G$6:$G$436,0)),""))),ISNUMBER(IFERROR(INDEX('Evaluation-1'!$L$6:$L$436,MATCH($A61&"|"&$E61,'Evaluation-1'!$P$6:$P$436,0)),IFERROR(INDEX('Evaluation-1'!$L$6:$L$436,MATCH($E61,'Evaluation-1'!$G$6:$G$436,0)),"")))),"Yes","No") -> No | Q61: =IF(L61<>"","Yes","No") -> No | R61: =IF('Dr. Shanu Sharma'!M5="","",'Dr. Shanu Sharma'!M5) | S61: =IF('Dr. Shanu Sharma'!N5="","",'Dr. Shanu Sharma'!N5) | T61: =IF('Dr. Shanu Sharma'!O5="","",'Dr. Shanu Sharma'!O5) | U61: =IF('Dr. Shanu Sharma'!P5="","",'Dr. Shanu Sharma'!P5) | V61: =IF('Dr. Shanu Sharma'!Q5="","",'Dr. Shanu Sharma'!Q5) | W61: =IF(COUNT(R61:V61)=0,"",SUM(R61:V61)) | X61: =IF('Dr. Shanu Sharma'!S5="","",'Dr. Shanu Sharma'!S5) | Y61: =IF('Dr. Shanu Sharma'!T5="","",'Dr. Shanu Sharma'!T5) | Z61: =IF('Dr. Shanu Sharma'!U5="","",'Dr. Shanu Sharma'!U5) | AA61: =IF('Dr. Shanu Sharma'!V5="","",'Dr. Shanu Sharma'!V5) | AB61: =IF('Dr. Shanu Sharma'!W5="","",'Dr. Shanu Sharma'!W5) | AC61: =IF(COUNT(X61:AB61)=0,"",SUM(X61:AB61)) | AD61: =IF(COUNT(M61,W61,AC61)=0,"",ROUND(SUM(M61,W61,AC61),2)) -> 0 | AE61: =IF(W61<>"","Yes","No") -> No | AF61: =IF(AC61<>"","Yes","No") -> No | AG61: =IF(A61<>"",A61,AG60) -> P_017 | AH61: =IF(B61<>"",B61,IF(A61<>"","",AH60)) | AI61: =IF(D61<>"",D61,AI60) -> Dr. Shanu Sharma
E62: 2400320100753 | F62: Nilakshi Choudhary | G62: =IFERROR(INDEX('Evaluation-1'!$N$6:$N$436,MATCH($A62&"|"&$E62,'Evaluation-1'!$P$6:$P$436,0)),IFERROR(INDEX('Evaluation-1'!$N$6:$N$436,MATCH($E62,'Evaluation-1'!$G$6:$G$436,0)),"")) -> 0 | H62: =IF('Dr. Shanu Sharma'!F6="","",'Dr. Shanu Sharma'!F6) | I62: =IF('Dr. Shanu Sharma'!G6="","",'Dr. Shanu Sharma'!G6) | J62: =IF('Dr. Shanu Sharma'!H6="","",'Dr. Shanu Sharma'!H6) | K62: =IF('Dr. Shanu Sharma'!I6="","",'Dr. Shanu Sharma'!I6) | L62: =IF(COUNT(H62:K62)=0,"",SUM(H62:K62)) | M62: =IF(COUNT(G62,L62)=0,"",ROUND(SUM(G62,L62),2)) -> 0 | N62: =IF($G62="","Not in Evaluation-1",IF(TRIM(LOWER(IFERROR(INDEX('Evaluation-1'!$H$6:$H$436,MATCH($A62&"|"&$E62,'Evaluation-1'!$P$6:$P$436,0)),INDEX('Evaluation-1'!$H$6:$H$436,MATCH($E62,'Evaluation-1'!$G$6:$G$436,0)))))=TRIM(LOWER($F62)),"OK","CHECK NAME")) -> OK | O62: =IF(C62<>"",C62,O61) -> Mr. Deepak Kanojia | P62: =IF(OR(ISNUMBER(IFERROR(INDEX('Evaluation-1'!$K$6:$K$436,MATCH($A62&"|"&$E62,'Evaluation-1'!$P$6:$P$436,0)),IFERROR(INDEX('Evaluation-1'!$K$6:$K$436,MATCH($E62,'Evaluation-1'!$G$6:$G$436,0)),""))),ISNUMBER(IFERROR(INDEX('Evaluation-1'!$L$6:$L$436,MATCH($A62&"|"&$E62,'Evaluation-1'!$P$6:$P$436,0)),IFERROR(INDEX('Evaluation-1'!$L$6:$L$436,MATCH($E62,'Evaluation-1'!$G$6:$G$436,0)),"")))),"Yes","No") -> No | Q62: =IF(L62<>"","Yes","No") -> No | R62: =IF('Dr. Shanu Sharma'!M6="","",'Dr. Shanu Sharma'!M6) | S62: =IF('Dr. Shanu Sharma'!N6="","",'Dr. Shanu Sharma'!N6) | T62: =IF('Dr. Shanu Sharma'!O6="","",'Dr. Shanu Sharma'!O6) | U62: =IF('Dr. Shanu Sharma'!P6="","",'Dr. Shanu Sharma'!P6) | V62: =IF('Dr. Shanu Sharma'!Q6="","",'Dr. Shanu Sharma'!Q6) | W62: =IF(COUNT(R62:V62)=0,"",SUM(R62:V62)) | X62: =IF('Dr. Shanu Sharma'!S6="","",'Dr. Shanu Sharma'!S6) | Y62: =IF('Dr. Shanu Sharma'!T6="","",'Dr. Shanu Sharma'!T6) | Z62: =IF('Dr. Shanu Sharma'!U6="","",'Dr. Shanu Sharma'!U6) | AA62: =IF('Dr. Shanu Sharma'!V6="","",'Dr. Shanu Sharma'!V6) | AB62: =IF('Dr. Shanu Sharma'!W6="","",'Dr. Shanu Sharma'!W6) | AC62: =IF(COUNT(X62:AB62)=0,"",SUM(X62:AB62)) | AD62: =IF(COUNT(M62,W62,AC62)=0,"",ROUND(SUM(M62,W62,AC62),2)) -> 0 | AE62: =IF(W62<>"","Yes","No") -> No | AF62: =IF(AC62<>"","Yes","No") -> No | AG62: =IF(A62<>"",A62,AG61) -> P_017 | AH62: =IF(B62<>"",B62,IF(A62<>"","",AH61)) | AI62: =IF(D62<>"",D62,AI61) -> Dr. Shanu Sharma
E63: 2400320100758 | F63: Nishant kumar | G63: =IFERROR(INDEX('Evaluation-1'!$N$6:$N$436,MATCH($A63&"|"&$E63,'Evaluation-1'!$P$6:$P$436,0)),IFERROR(INDEX('Evaluation-1'!$N$6:$N$436,MATCH($E63,'Evaluation-1'!$G$6:$G$436,0)),"")) -> 0 | H63: =IF('Dr. Shanu Sharma'!F7="","",'Dr. Shanu Sharma'!F7) | I63: =IF('Dr. Shanu Sharma'!G7="","",'Dr. Shanu Sharma'!G7) | J63: =IF('Dr. Shanu Sharma'!H7="","",'Dr. Shanu Sharma'!H7) | K63: =IF('Dr. Shanu Sharma'!I7="","",'Dr. Shanu Sharma'!I7) | L63: =IF(COUNT(H63:K63)=0,"",SUM(H63:K63)) | M63: =IF(COUNT(G63,L63)=0,"",ROUND(SUM(G63,L63),2)) -> 0 | N63: =IF($G63="","Not in Evaluation-1",IF(TRIM(LOWER(IFERROR(INDEX('Evaluation-1'!$H$6:$H$436,MATCH($A63&"|"&$E63,'Evaluation-1'!$P$6:$P$436,0)),INDEX('Evaluation-1'!$H$6:$H$436,MATCH($E63,'Evaluation-1'!$G$6:$G$436,0)))))=TRIM(LOWER($F63)),"OK","CHECK NAME")) -> OK | O63: =IF(C63<>"",C63,O62) -> Mr. Deepak Kanojia | P63: =IF(OR(ISNUMBER(IFERROR(INDEX('Evaluation-1'!$K$6:$K$436,MATCH($A63&"|"&$E63,'Evaluation-1'!$P$6:$P$436,0)),IFERROR(INDEX('Evaluation-1'!$K$6:$K$436,MATCH($E63,'Evaluation-1'!$G$6:$G$436,0)),""))),ISNUMBER(IFERROR(INDEX('Evaluation-1'!$L$6:$L$436,MATCH($A63&"|"&$E63,'Evaluation-1'!$P$6:$P$436,0)),IFERROR(INDEX('Evaluation-1'!$L$6:$L$436,MATCH($E63,'Evaluation-1'!$G$6:$G$436,0)),"")))),"Yes","No") -> No | Q63: =IF(L63<>"","Yes","No") -> No | R63: =IF('Dr. Shanu Sharma'!M7="","",'Dr. Shanu Sharma'!M7) | S63: =IF('Dr. Shanu Sharma'!N7="","",'Dr. Shanu Sharma'!N7) | T63: =IF('Dr. Shanu Sharma'!O7="","",'Dr. Shanu Sharma'!O7) | U63: =IF('Dr. Shanu Sharma'!P7="","",'Dr. Shanu Sharma'!P7) | V63: =IF('Dr. Shanu Sharma'!Q7="","",'Dr. Shanu Sharma'!Q7) | W63: =IF(COUNT(R63:V63)=0,"",SUM(R63:V63)) | X63: =IF('Dr. Shanu Sharma'!S7="","",'Dr. Shanu Sharma'!S7) | Y63: =IF('Dr. Shanu Sharma'!T7="","",'Dr. Shanu Sharma'!T7) | Z63: =IF('Dr. Shanu Sharma'!U7="","",'Dr. Shanu Sharma'!U7) | AA63: =IF('Dr. Shanu Sharma'!V7="","",'Dr. Shanu Sharma'!V7) | AB63: =IF('Dr. Shanu Sharma'!W7="","",'Dr. Shanu Sharma'!W7) | AC63: =IF(COUNT(X63:AB63)=0,"",SUM(X63:AB63)) | AD63: =IF(COUNT(M63,W63,AC63)=0,"",ROUND(SUM(M63,W63,AC63),2)) -> 0 | AE63: =IF(W63<>"","Yes","No") -> No | AF63: =IF(AC63<>"","Yes","No") -> No | AG63: =IF(A63<>"",A63,AG62) -> P_017 | AH63: =IF(B63<>"",B63,IF(A63<>"","",AH62)) | AI63: =IF(D63<>"",D63,AI62) -> Dr. Shanu Sharma
A64: P_018 | B64: =IF('Dr. Shanu Sharma'!B8="","",'Dr. Shanu Sharma'!B8) | E64: 2400320100670 | F64: Manvendra Singh | G64: =IFERROR(INDEX('Evaluation-1'!$N$6:$N$436,MATCH($A64&"|"&$E64,'Evaluation-1'!$P$6:$P$436,0)),IFERROR(INDEX('Evaluation-1'!$N$6:$N$436,MATCH($E64,'Evaluation-1'!$G$6:$G$436,0)),"")) -> 0 | H64: =IF('Dr. Shanu Sharma'!F8="","",'Dr. Shanu Sharma'!F8) | I64: =IF('Dr. Shanu Sharma'!G8="","",'Dr. Shanu Sharma'!G8) | J64: =IF('Dr. Shanu Sharma'!H8="","",'Dr. Shanu Sharma'!H8) | K64: =IF('Dr. Shanu Sharma'!I8="","",'Dr. Shanu Sharma'!I8) | L64: =IF(COUNT(H64:K64)=0,"",SUM(H64:K64)) | M64: =IF(COUNT(G64,L64)=0,"",ROUND(SUM(G64,L64),2)) -> 0 | N64: =IF($G64="","Not in Evaluation-1",IF(TRIM(LOWER(IFERROR(INDEX('Evaluation-1'!$H$6:$H$436,MATCH($A64&"|"&$E64,'Evaluation-1'!$P$6:$P$436,0)),INDEX('Evaluation-1'!$H$6:$H$436,MATCH($E64,'Evaluation-1'!$G$6:$G$436,0)))))=TRIM(LOWER($F64)),"OK","CHECK NAME")) -> OK | O64: =IF(C64<>"",C64,O63) -> Mr. Deepak Kanojia | P64: =IF(OR(ISNUMBER(IFERROR(INDEX('Evaluation-1'!$K$6:$K$436,MATCH($A64&"|"&$E64,'Evaluation-1'!$P$6:$P$436,0)),IFERROR(INDEX('Evaluation-1'!$K$6:$K$436,MATCH($E64,'Evaluation-1'!$G$6:$G$436,0)),""))),ISNUMBER(IFERROR(INDEX('Evaluation-1'!$L$6:$L$436,MATCH($A64&"|"&$E64,'Evaluation-1'!$P$6:$P$436,0)),IFERROR(INDEX('Evaluation-1'!$L$6:$L$436,MATCH($E64,'Evaluation-1'!$G$6:$G$436,0)),"")))),"Yes","No") -> No | Q64: =IF(L64<>"","Yes","No") -> No | R64: =IF('Dr. Shanu Sharma'!M8="","",'Dr. Shanu Sharma'!M8) | S64: =IF('Dr. Shanu Sharma'!N8="","",'Dr. Shanu Sharma'!N8) | T64: =IF('Dr. Shanu Sharma'!O8="","",'Dr. Shanu Sharma'!O8) | U64: =IF('Dr. Shanu Sharma'!P8="","",'Dr. Shanu Sharma'!P8) | V64: =IF('Dr. Shanu Sharma'!Q8="","",'Dr. Shanu Sharma'!Q8) | W64: =IF(COUNT(R64:V64)=0,"",SUM(R64:V64)) | X64: =IF('Dr. Shanu Sharma'!S8="","",'Dr. Shanu Sharma'!S8) | Y64: =IF('Dr. Shanu Sharma'!T8="","",'Dr. Shanu Sharma'!T8) | Z64: =IF('Dr. Shanu Sharma'!U8="","",'Dr. Shanu Sharma'!U8) | AA64: =IF('Dr. Shanu Sharma'!V8="","",'Dr. Shanu Sharma'!V8) | AB64: =IF('Dr. Shanu Sharma'!W8="","",'Dr. Shanu Sharma'!W8) | AC64: =IF(COUNT(X64:AB64)=0,"",SUM(X64:AB64)) | AD64: =IF(COUNT(M64,W64,AC64)=0,"",ROUND(SUM(M64,W64,AC64),2)) -> 0 | AE64: =IF(W64<>"","Yes","No") -> No | AF64: =IF(AC64<>"","Yes","No") -> No | AG64: =IF(A64<>"",A64,AG63) -> P_018 | AH64: =IF(B64<>"",B64,IF(A64<>"","",AH63)) | AI64: =IF(D64<>"",D64,AI63) -> Dr. Shanu Sharma
E65: 2400320100669 | F65: Manuranjan Kumar | G65: =IFERROR(INDEX('Evaluation-1'!$N$6:$N$436,MATCH($A65&"|"&$E65,'Evaluation-1'!$P$6:$P$436,0)),IFERROR(INDEX('Evaluation-1'!$N$6:$N$436,MATCH($E65,'Evaluation-1'!$G$6:$G$436,0)),"")) -> 0 | H65: =IF('Dr. Shanu Sharma'!F9="","",'Dr. Shanu Sharma'!F9) | I65: =IF('Dr. Shanu Sharma'!G9="","",'Dr. Shanu Sharma'!G9) | J65: =IF('Dr. Shanu Sharma'!H9="","",'Dr. Shanu Sharma'!H9) | K65: =IF('Dr. Shanu Sharma'!I9="","",'Dr. Shanu Sharma'!I9) | L65: =IF(COUNT(H65:K65)=0,"",SUM(H65:K65)) | M65: =IF(COUNT(G65,L65)=0,"",ROUND(SUM(G65,L65),2)) -> 0 | N65: =IF($G65="","Not in Evaluation-1",IF(TRIM(LOWER(IFERROR(INDEX('Evaluation-1'!$H$6:$H$436,MATCH($A65&"|"&$E65,'Evaluation-1'!$P$6:$P$436,0)),INDEX('Evaluation-1'!$H$6:$H$436,MATCH($E65,'Evaluation-1'!$G$6:$G$436,0)))))=TRIM(LOWER($F65)),"OK","CHECK NAME")) -> OK | O65: =IF(C65<>"",C65,O64) -> Mr. Deepak Kanojia | P65: =IF(OR(ISNUMBER(IFERROR(INDEX('Evaluation-1'!$K$6:$K$436,MATCH($A65&"|"&$E65,'Evaluation-1'!$P$6:$P$436,0)),IFERROR(INDEX('Evaluation-1'!$K$6:$K$436,MATCH($E65,'Evaluation-1'!$G$6:$G$436,0)),""))),ISNUMBER(IFERROR(INDEX('Evaluation-1'!$L$6:$L$436,MATCH($A65&"|"&$E65,'Evaluation-1'!$P$6:$P$436,0)),IFERROR(INDEX('Evaluation-1'!$L$6:$L$436,MATCH($E65,'Evaluation-1'!$G$6:$G$436,0)),"")))),"Yes","No") -> No | Q65: =IF(L65<>"","Yes","No") -> No | R65: =IF('Dr. Shanu Sharma'!M9="","",'Dr. Shanu Sharma'!M9) | S65: =IF('Dr. Shanu Sharma'!N9="","",'Dr. Shanu Sharma'!N9) | T65: =IF('Dr. Shanu Sharma'!O9="","",'Dr. Shanu Sharma'!O9) | U65: =IF('Dr. Shanu Sharma'!P9="","",'Dr. Shanu Sharma'!P9) | V65: =IF('Dr. Shanu Sharma'!Q9="","",'Dr. Shanu Sharma'!Q9) | W65: =IF(COUNT(R65:V65)=0,"",SUM(R65:V65)) | X65: =IF('Dr. Shanu Sharma'!S9="","",'Dr. Shanu Sharma'!S9) | Y65: =IF('Dr. Shanu Sharma'!T9="","",'Dr. Shanu Sharma'!T9) | Z65: =IF('Dr. Shanu Sharma'!U9="","",'Dr. Shanu Sharma'!U9) | AA65: =IF('Dr. Shanu Sharma'!V9="","",'Dr. Shanu Sharma'!V9) | AB65: =IF('Dr. Shanu Sharma'!W9="","",'Dr. Shanu Sharma'!W9) | AC65: =IF(COUNT(X65:AB65)=0,"",SUM(X65:AB65)) | AD65: =IF(COUNT(M65,W65,AC65)=0,"",ROUND(SUM(M65,W65,AC65),2)) -> 0 | AE65: =IF(W65<>"","Yes","No") -> No | AF65: =IF(AC65<>"","Yes","No") -> No | AG65: =IF(A65<>"",A65,AG64) -> P_018 | AH65: =IF(B65<>"",B65,IF(A65<>"","",AH64)) | AI65: =IF(D65<>"",D65,AI64) -> Dr. Shanu Sharma
E66: 2400320100661 | F66: Manish verma | G66: =IFERROR(INDEX('Evaluation-1'!$N$6:$N$436,MATCH($A66&"|"&$E66,'Evaluation-1'!$P$6:$P$436,0)),IFERROR(INDEX('Evaluation-1'!$N$6:$N$436,MATCH($E66,'Evaluation-1'!$G$6:$G$436,0)),"")) -> 0 | H66: =IF('Dr. Shanu Sharma'!F10="","",'Dr. Shanu Sharma'!F10) | I66: =IF('Dr. Shanu Sharma'!G10="","",'Dr. Shanu Sharma'!G10) | J66: =IF('Dr. Shanu Sharma'!H10="","",'Dr. Shanu Sharma'!H10) | K66: =IF('Dr. Shanu Sharma'!I10="","",'Dr. Shanu Sharma'!I10) | L66: =IF(COUNT(H66:K66)=0,"",SUM(H66:K66)) | M66: =IF(COUNT(G66,L66)=0,"",ROUND(SUM(G66,L66),2)) -> 0 | N66: =IF($G66="","Not in Evaluation-1",IF(TRIM(LOWER(IFERROR(INDEX('Evaluation-1'!$H$6:$H$436,MATCH($A66&"|"&$E66,'Evaluation-1'!$P$6:$P$436,0)),INDEX('Evaluation-1'!$H$6:$H$436,MATCH($E66,'Evaluation-1'!$G$6:$G$436,0)))))=TRIM(LOWER($F66)),"OK","CHECK NAME")) -> OK | O66: =IF(C66<>"",C66,O65) -> Mr. Deepak Kanojia | P66: =IF(OR(ISNUMBER(IFERROR(INDEX('Evaluation-1'!$K$6:$K$436,MATCH($A66&"|"&$E66,'Evaluation-1'!$P$6:$P$436,0)),IFERROR(INDEX('Evaluation-1'!$K$6:$K$436,MATCH($E66,'Evaluation-1'!$G$6:$G$436,0)),""))),ISNUMBER(IFERROR(INDEX('Evaluation-1'!$L$6:$L$436,MATCH($A66&"|"&$E66,'Evaluation-1'!$P$6:$P$436,0)),IFERROR(INDEX('Evaluation-1'!$L$6:$L$436,MATCH($E66,'Evaluation-1'!$G$6:$G$436,0)),"")))),"Yes","No") -> No | Q66: =IF(L66<>"","Yes","No") -> No | R66: =IF('Dr. Shanu Sharma'!M10="","",'Dr. Shanu Sharma'!M10) | S66: =IF('Dr. Shanu Sharma'!N10="","",'Dr. Shanu Sharma'!N10) | T66: =IF('Dr. Shanu Sharma'!O10="","",'Dr. Shanu Sharma'!O10) | U66: =IF('Dr. Shanu Sharma'!P10="","",'Dr. Shanu Sharma'!P10) | V66: =IF('Dr. Shanu Sharma'!Q10="","",'Dr. Shanu Sharma'!Q10) | W66: =IF(COUNT(R66:V66)=0,"",SUM(R66:V66)) | X66: =IF('Dr. Shanu Sharma'!S10="","",'Dr. Shanu Sharma'!S10) | Y66: =IF('Dr. Shanu Sharma'!T10="","",'Dr. Shanu Sharma'!T10) | Z66: =IF('Dr. Shanu Sharma'!U10="","",'Dr. Shanu Sharma'!U10) | AA66: =IF('Dr. Shanu Sharma'!V10="","",'Dr. Shanu Sharma'!V10) | AB66: =IF('Dr. Shanu Sharma'!W10="","",'Dr. Shanu Sharma'!W10) | AC66: =IF(COUNT(X66:AB66)=0,"",SUM(X66:AB66)) | AD66: =IF(COUNT(M66,W66,AC66)=0,"",ROUND(SUM(M66,W66,AC66),2)) -> 0 | AE66: =IF(W66<>"","Yes","No") -> No | AF66: =IF(AC66<>"","Yes","No") -> No | AG66: =IF(A66<>"",A66,AG65) -> P_018 | AH66: =IF(B66<>"",B66,IF(A66<>"","",AH65)) | AI66: =IF(D66<>"",D66,AI65) -> Dr. Shanu Sharma
E67: 2400320100667 | F67: Mansi Yadav | G67: =IFERROR(INDEX('Evaluation-1'!$N$6:$N$436,MATCH($A67&"|"&$E67,'Evaluation-1'!$P$6:$P$436,0)),IFERROR(INDEX('Evaluation-1'!$N$6:$N$436,MATCH($E67,'Evaluation-1'!$G$6:$G$436,0)),"")) -> 0 | H67: =IF('Dr. Shanu Sharma'!F11="","",'Dr. Shanu Sharma'!F11) | I67: =IF('Dr. Shanu Sharma'!G11="","",'Dr. Shanu Sharma'!G11) | J67: =IF('Dr. Shanu Sharma'!H11="","",'Dr. Shanu Sharma'!H11) | K67: =IF('Dr. Shanu Sharma'!I11="","",'Dr. Shanu Sharma'!I11) | L67: =IF(COUNT(H67:K67)=0,"",SUM(H67:K67)) | M67: =IF(COUNT(G67,L67)=0,"",ROUND(SUM(G67,L67),2)) -> 0 | N67: =IF($G67="","Not in Evaluation-1",IF(TRIM(LOWER(IFERROR(INDEX('Evaluation-1'!$H$6:$H$436,MATCH($A67&"|"&$E67,'Evaluation-1'!$P$6:$P$436,0)),INDEX('Evaluation-1'!$H$6:$H$436,MATCH($E67,'Evaluation-1'!$G$6:$G$436,0)))))=TRIM(LOWER($F67)),"OK","CHECK NAME")) -> OK | O67: =IF(C67<>"",C67,O66) -> Mr. Deepak Kanojia | P67: =IF(OR(ISNUMBER(IFERROR(INDEX('Evaluation-1'!$K$6:$K$436,MATCH($A67&"|"&$E67,'Evaluation-1'!$P$6:$P$436,0)),IFERROR(INDEX('Evaluation-1'!$K$6:$K$436,MATCH($E67,'Evaluation-1'!$G$6:$G$436,0)),""))),ISNUMBER(IFERROR(INDEX('Evaluation-1'!$L$6:$L$436,MATCH($A67&"|"&$E67,'Evaluation-1'!$P$6:$P$436,0)),IFERROR(INDEX('Evaluation-1'!$L$6:$L$436,MATCH($E67,'Evaluation-1'!$G$6:$G$436,0)),"")))),"Yes","No") -> No | Q67: =IF(L67<>"","Yes","No") -> No | R67: =IF('Dr. Shanu Sharma'!M11="","",'Dr. Shanu Sharma'!M11) | S67: =IF('Dr. Shanu Sharma'!N11="","",'Dr. Shanu Sharma'!N11) | T67: =IF('Dr. Shanu Sharma'!O11="","",'Dr. Shanu Sharma'!O11) | U67: =IF('Dr. Shanu Sharma'!P11="","",'Dr. Shanu Sharma'!P11) | V67: =IF('Dr. Shanu Sharma'!Q11="","",'Dr. Shanu Sharma'!Q11) | W67: =IF(COUNT(R67:V67)=0,"",SUM(R67:V67)) | X67: =IF('Dr. Shanu Sharma'!S11="","",'Dr. Shanu Sharma'!S11) | Y67: =IF('Dr. Shanu Sharma'!T11="","",'Dr. Shanu Sharma'!T11) | Z67: =IF('Dr. Shanu Sharma'!U11="","",'Dr. Shanu Sharma'!U11) | AA67: =IF('Dr. Shanu Sharma'!V11="","",'Dr. Shanu Sharma'!V11) | AB67: =IF('Dr. Shanu Sharma'!W11="","",'Dr. Shanu Sharma'!W11) | AC67: =IF(COUNT(X67:AB67)=0,"",SUM(X67:AB67)) | AD67: =IF(COUNT(M67,W67,AC67)=0,"",ROUND(SUM(M67,W67,AC67),2)) -> 0 | AE67: =IF(W67<>"","Yes","No") -> No | AF67: =IF(AC67<>"","Yes","No") -> No | AG67: =IF(A67<>"",A67,AG66) -> P_018 | AH67: =IF(B67<>"",B67,IF(A67<>"","",AH66)) | AI67: =IF(D67<>"",D67,AI66) -> Dr. Shanu Sharma
A68: P_019 | B68: =IF('Dr. Shanu Sharma'!B12="","",'Dr. Shanu Sharma'!B12) | E68: 2400320100499 | F68: HARSH VARDHAN | G68: =IFERROR(INDEX('Evaluation-1'!$N$6:$N$436,MATCH($A68&"|"&$E68,'Evaluation-1'!$P$6:$P$436,0)),IFERROR(INDEX('Evaluation-1'!$N$6:$N$436,MATCH($E68,'Evaluation-1'!$G$6:$G$436,0)),"")) -> 0 | H68: =IF('Dr. Shanu Sharma'!F12="","",'Dr. Shanu Sharma'!F12) | I68: =IF('Dr. Shanu Sharma'!G12="","",'Dr. Shanu Sharma'!G12) | J68: =IF('Dr. Shanu Sharma'!H12="","",'Dr. Shanu Sharma'!H12) | K68: =IF('Dr. Shanu Sharma'!I12="","",'Dr. Shanu Sharma'!I12) | L68: =IF(COUNT(H68:K68)=0,"",SUM(H68:K68)) | M68: =IF(COUNT(G68,L68)=0,"",ROUND(SUM(G68,L68),2)) -> 0 | N68: =IF($G68="","Not in Evaluation-1",IF(TRIM(LOWER(IFERROR(INDEX('Evaluation-1'!$H$6:$H$436,MATCH($A68&"|"&$E68,'Evaluation-1'!$P$6:$P$436,0)),INDEX('Evaluation-1'!$H$6:$H$436,MATCH($E68,'Evaluation-1'!$G$6:$G$436,0)))))=TRIM(LOWER($F68)),"OK","CHECK NAME")) -> OK | O68: =IF(C68<>"",C68,O67) -> Mr. Deepak Kanojia | P68: =IF(OR(ISNUMBER(IFERROR(INDEX('Evaluation-1'!$K$6:$K$436,MATCH($A68&"|"&$E68,'Evaluation-1'!$P$6:$P$436,0)),IFERROR(INDEX('Evaluation-1'!$K$6:$K$436,MATCH($E68,'Evaluation-1'!$G$6:$G$436,0)),""))),ISNUMBER(IFERROR(INDEX('Evaluation-1'!$L$6:$L$436,MATCH($A68&"|"&$E68,'Evaluation-1'!$P$6:$P$436,0)),IFERROR(INDEX('Evaluation-1'!$L$6:$L$436,MATCH($E68,'Evaluation-1'!$G$6:$G$436,0)),"")))),"Yes","No") -> No | Q68: =IF(L68<>"","Yes","No") -> No | R68: =IF('Dr. Shanu Sharma'!M12="","",'Dr. Shanu Sharma'!M12) | S68: =IF('Dr. Shanu Sharma'!N12="","",'Dr. Shanu Sharma'!N12) | T68: =IF('Dr. Shanu Sharma'!O12="","",'Dr. Shanu Sharma'!O12) | U68: =IF('Dr. Shanu Sharma'!P12="","",'Dr. Shanu Sharma'!P12) | V68: =IF('Dr. Shanu Sharma'!Q12="","",'Dr. Shanu Sharma'!Q12) | W68: =IF(COUNT(R68:V68)=0,"",SUM(R68:V68)) | X68: =IF('Dr. Shanu Sharma'!S12="","",'Dr. Shanu Sharma'!S12) | Y68: =IF('Dr. Shanu Sharma'!T12="","",'Dr. Shanu Sharma'!T12) | Z68: =IF('Dr. Shanu Sharma'!U12="","",'Dr. Shanu Sharma'!U12) | AA68: =IF('Dr. Shanu Sharma'!V12="","",'Dr. Shanu Sharma'!V12) | AB68: =IF('Dr. Shanu Sharma'!W12="","",'Dr. Shanu Sharma'!W12) | AC68: =IF(COUNT(X68:AB68)=0,"",SUM(X68:AB68)) | AD68: =IF(COUNT(M68,W68,AC68)=0,"",ROUND(SUM(M68,W68,AC68),2)) -> 0 | AE68: =IF(W68<>"","Yes","No") -> No | AF68: =IF(AC68<>"","Yes","No") -> No | AG68: =IF(A68<>"",A68,AG67) -> P_019 | AH68: =IF(B68<>"",B68,IF(A68<>"","",AH67)) | AI68: =IF(D68<>"",D68,AI67) -> Dr. Shanu Sharma
E69: 2400320100559 | F69: Kanishk pandey | G69: =IFERROR(INDEX('Evaluation-1'!$N$6:$N$436,MATCH($A69&"|"&$E69,'Evaluation-1'!$P$6:$P$436,0)),IFERROR(INDEX('Evaluation-1'!$N$6:$N$436,MATCH($E69,'Evaluation-1'!$G$6:$G$436,0)),"")) -> 0 | H69: =IF('Dr. Shanu Sharma'!F13="","",'Dr. Shanu Sharma'!F13) | I69: =IF('Dr. Shanu Sharma'!G13="","",'Dr. Shanu Sharma'!G13) | J69: =IF('Dr. Shanu Sharma'!H13="","",'Dr. Shanu Sharma'!H13) | K69: =IF('Dr. Shanu Sharma'!I13="","",'Dr. Shanu Sharma'!I13) | L69: =IF(COUNT(H69:K69)=0,"",SUM(H69:K69)) | M69: =IF(COUNT(G69,L69)=0,"",ROUND(SUM(G69,L69),2)) -> 0 | N69: =IF($G69="","Not in Evaluation-1",IF(TRIM(LOWER(IFERROR(INDEX('Evaluation-1'!$H$6:$H$436,MATCH($A69&"|"&$E69,'Evaluation-1'!$P$6:$P$436,0)),INDEX('Evaluation-1'!$H$6:$H$436,MATCH($E69,'Evaluation-1'!$G$6:$G$436,0)))))=TRIM(LOWER($F69)),"OK","CHECK NAME")) -> OK | O69: =IF(C69<>"",C69,O68) -> Mr. Deepak Kanojia | P69: =IF(OR(ISNUMBER(IFERROR(INDEX('Evaluation-1'!$K$6:$K$436,MATCH($A69&"|"&$E69,'Evaluation-1'!$P$6:$P$436,0)),IFERROR(INDEX('Evaluation-1'!$K$6:$K$436,MATCH($E69,'Evaluation-1'!$G$6:$G$436,0)),""))),ISNUMBER(IFERROR(INDEX('Evaluation-1'!$L$6:$L$436,MATCH($A69&"|"&$E69,'Evaluation-1'!$P$6:$P$436,0)),IFERROR(INDEX('Evaluation-1'!$L$6:$L$436,MATCH($E69,'Evaluation-1'!$G$6:$G$436,0)),"")))),"Yes","No") -> No | Q69: =IF(L69<>"","Yes","No") -> No | R69: =IF('Dr. Shanu Sharma'!M13="","",'Dr. Shanu Sharma'!M13) | S69: =IF('Dr. Shanu Sharma'!N13="","",'Dr. Shanu Sharma'!N13) | T69: =IF('Dr. Shanu Sharma'!O13="","",'Dr. Shanu Sharma'!O13) | U69: =IF('Dr. Shanu Sharma'!P13="","",'Dr. Shanu Sharma'!P13) | V69: =IF('Dr. Shanu Sharma'!Q13="","",'Dr. Shanu Sharma'!Q13) | W69: =IF(COUNT(R69:V69)=0,"",SUM(R69:V69)) | X69: =IF('Dr. Shanu Sharma'!S13="","",'Dr. Shanu Sharma'!S13) | Y69: =IF('Dr. Shanu Sharma'!T13="","",'Dr. Shanu Sharma'!T13) | Z69: =IF('Dr. Shanu Sharma'!U13="","",'Dr. Shanu Sharma'!U13) | AA69: =IF('Dr. Shanu Sharma'!V13="","",'Dr. Shanu Sharma'!V13) | AB69: =IF('Dr. Shanu Sharma'!W13="","",'Dr. Shanu Sharma'!W13) | AC69: =IF(COUNT(X69:AB69)=0,"",SUM(X69:AB69)) | AD69: =IF(COUNT(M69,W69,AC69)=0,"",ROUND(SUM(M69,W69,AC69),2)) -> 0 | AE69: =IF(W69<>"","Yes","No") -> No | AF69: =IF(AC69<>"","Yes","No") -> No | AG69: =IF(A69<>"",A69,AG68) -> P_019 | AH69: =IF(B69<>"",B69,IF(A69<>"","",AH68)) | AI69: =IF(D69<>"",D69,AI68) -> Dr. Shanu Sharma
E70: 2400320100517 | F70: Hasin alam | G70: =IFERROR(INDEX('Evaluation-1'!$N$6:$N$436,MATCH($A70&"|"&$E70,'Evaluation-1'!$P$6:$P$436,0)),IFERROR(INDEX('Evaluation-1'!$N$6:$N$436,MATCH($E70,'Evaluation-1'!$G$6:$G$436,0)),"")) -> 0 | H70: =IF('Dr. Shanu Sharma'!F14="","",'Dr. Shanu Sharma'!F14) | I70: =IF('Dr. Shanu Sharma'!G14="","",'Dr. Shanu Sharma'!G14) | J70: =IF('Dr. Shanu Sharma'!H14="","",'Dr. Shanu Sharma'!H14) | K70: =IF('Dr. Shanu Sharma'!I14="","",'Dr. Shanu Sharma'!I14) | L70: =IF(COUNT(H70:K70)=0,"",SUM(H70:K70)) | M70: =IF(COUNT(G70,L70)=0,"",ROUND(SUM(G70,L70),2)) -> 0 | N70: =IF($G70="","Not in Evaluation-1",IF(TRIM(LOWER(IFERROR(INDEX('Evaluation-1'!$H$6:$H$436,MATCH($A70&"|"&$E70,'Evaluation-1'!$P$6:$P$436,0)),INDEX('Evaluation-1'!$H$6:$H$436,MATCH($E70,'Evaluation-1'!$G$6:$G$436,0)))))=TRIM(LOWER($F70)),"OK","CHECK NAME")) -> OK | O70: =IF(C70<>"",C70,O69) -> Mr. Deepak Kanojia | P70: =IF(OR(ISNUMBER(IFERROR(INDEX('Evaluation-1'!$K$6:$K$436,MATCH($A70&"|"&$E70,'Evaluation-1'!$P$6:$P$436,0)),IFERROR(INDEX('Evaluation-1'!$K$6:$K$436,MATCH($E70,'Evaluation-1'!$G$6:$G$436,0)),""))),ISNUMBER(IFERROR(INDEX('Evaluation-1'!$L$6:$L$436,MATCH($A70&"|"&$E70,'Evaluation-1'!$P$6:$P$436,0)),IFERROR(INDEX('Evaluation-1'!$L$6:$L$436,MATCH($E70,'Evaluation-1'!$G$6:$G$436,0)),"")))),"Yes","No") -> No | Q70: =IF(L70<>"","Yes","No") -> No | R70: =IF('Dr. Shanu Sharma'!M14="","",'Dr. Shanu Sharma'!M14) | S70: =IF('Dr. Shanu Sharma'!N14="","",'Dr. Shanu Sharma'!N14) | T70: =IF('Dr. Shanu Sharma'!O14="","",'Dr. Shanu Sharma'!O14) | U70: =IF('Dr. Shanu Sharma'!P14="","",'Dr. Shanu Sharma'!P14) | V70: =IF('Dr. Shanu Sharma'!Q14="","",'Dr. Shanu Sharma'!Q14) | W70: =IF(COUNT(R70:V70)=0,"",SUM(R70:V70)) | X70: =IF('Dr. Shanu Sharma'!S14="","",'Dr. Shanu Sharma'!S14) | Y70: =IF('Dr. Shanu Sharma'!T14="","",'Dr. Shanu Sharma'!T14) | Z70: =IF('Dr. Shanu Sharma'!U14="","",'Dr. Shanu Sharma'!U14) | AA70: =IF('Dr. Shanu Sharma'!V14="","",'Dr. Shanu Sharma'!V14) | AB70: =IF('Dr. Shanu Sharma'!W14="","",'Dr. Shanu Sharma'!W14) | AC70: =IF(COUNT(X70:AB70)=0,"",SUM(X70:AB70)) | AD70: =IF(COUNT(M70,W70,AC70)=0,"",ROUND(SUM(M70,W70,AC70),2)) -> 0 | AE70: =IF(W70<>"","Yes","No") -> No | AF70: =IF(AC70<>"","Yes","No") -> No | AG70: =IF(A70<>"",A70,AG69) -> P_019 | AH70: =IF(B70<>"",B70,IF(A70<>"","",AH69)) | AI70: =IF(D70<>"",D70,AI69) -> Dr. Shanu Sharma
A71: P_020 | B71: =IF('Dr. Shanu Sharma'!B15="","",'Dr. Shanu Sharma'!B15) | E71: 2400320100480 | F71: Hansika Goel | G71: =IFERROR(INDEX('Evaluation-1'!$N$6:$N$436,MATCH($A71&"|"&$E71,'Evaluation-1'!$P$6:$P$436,0)),IFERROR(INDEX('Evaluation-1'!$N$6:$N$436,MATCH($E71,'Evaluation-1'!$G$6:$G$436,0)),"")) -> 0 | H71: =IF('Dr. Shanu Sharma'!F15="","",'Dr. Shanu Sharma'!F15) | I71: =IF('Dr. Shanu Sharma'!G15="","",'Dr. Shanu Sharma'!G15) | J71: =IF('Dr. Shanu Sharma'!H15="","",'Dr. Shanu Sharma'!H15) | K71: =IF('Dr. Shanu Sharma'!I15="","",'Dr. Shanu Sharma'!I15) | L71: =IF(COUNT(H71:K71)=0,"",SUM(H71:K71)) | M71: =IF(COUNT(G71,L71)=0,"",ROUND(SUM(G71,L71),2)) -> 0 | N71: =IF($G71="","Not in Evaluation-1",IF(TRIM(LOWER(IFERROR(INDEX('Evaluation-1'!$H$6:$H$436,MATCH($A71&"|"&$E71,'Evaluation-1'!$P$6:$P$436,0)),INDEX('Evaluation-1'!$H$6:$H$436,MATCH($E71,'Evaluation-1'!$G$6:$G$436,0)))))=TRIM(LOWER($F71)),"OK","CHECK NAME")) -> OK | O71: =IF(C71<>"",C71,O70) -> Mr. Deepak Kanojia | P71: =IF(OR(ISNUMBER(IFERROR(INDEX('Evaluation-1'!$K$6:$K$436,MATCH($A71&"|"&$E71,'Evaluation-1'!$P$6:$P$436,0)),IFERROR(INDEX('Evaluation-1'!$K$6:$K$436,MATCH($E71,'Evaluation-1'!$G$6:$G$436,0)),""))),ISNUMBER(IFERROR(INDEX('Evaluation-1'!$L$6:$L$436,MATCH($A71&"|"&$E71,'Evaluation-1'!$P$6:$P$436,0)),IFERROR(INDEX('Evaluation-1'!$L$6:$L$436,MATCH($E71,'Evaluation-1'!$G$6:$G$436,0)),"")))),"Yes","No") -> Yes | Q71: =IF(L71<>"","Yes","No") -> No | R71: =IF('Dr. Shanu Sharma'!M15="","",'Dr. Shanu Sharma'!M15) | S71: =IF('Dr. Shanu Sharma'!N15="","",'Dr. Shanu Sharma'!N15) | T71: =IF('Dr. Shanu Sharma'!O15="","",'Dr. Shanu Sharma'!O15) | U71: =IF('Dr. Shanu Sharma'!P15="","",'Dr. Shanu Sharma'!P15) | V71: =IF('Dr. Shanu Sharma'!Q15="","",'Dr. Shanu Sharma'!Q15) | W71: =IF(COUNT(R71:V71)=0,"",SUM(R71:V71)) | X71: =IF('Dr. Shanu Sharma'!S15="","",'Dr. Shanu Sharma'!S15) | Y71: =IF('Dr. Shanu Sharma'!T15="","",'Dr. Shanu Sharma'!T15) | Z71: =IF('Dr. Shanu Sharma'!U15="","",'Dr. Shanu Sharma'!U15) | AA71: =IF('Dr. Shanu Sharma'!V15="","",'Dr. Shanu Sharma'!V15) | AB71: =IF('Dr. Shanu Sharma'!W15="","",'Dr. Shanu Sharma'!W15) | AC71: =IF(COUNT(X71:AB71)=0,"",SUM(X71:AB71)) | AD71: =IF(COUNT(M71,W71,AC71)=0,"",ROUND(SUM(M71,W71,AC71),2)) -> 0 | AE71: =IF(W71<>"","Yes","No") -> No | AF71: =IF(AC71<>"","Yes","No") -> No | AG71: =IF(A71<>"",A71,AG70) -> P_020 | AH71: =IF(B71<>"",B71,IF(A71<>"","",AH70)) | AI71: =IF(D71<>"",D71,AI70) -> Dr. Shanu Sharma
E72: 2400320100607 | F72: Komal | G72: =IFERROR(INDEX('Evaluation-1'!$N$6:$N$436,MATCH($A72&"|"&$E72,'Evaluation-1'!$P$6:$P$436,0)),IFERROR(INDEX('Evaluation-1'!$N$6:$N$436,MATCH($E72,'Evaluation-1'!$G$6:$G$436,0)),"")) -> 0 | H72: =IF('Dr. Shanu Sharma'!F16="","",'Dr. Shanu Sharma'!F16) | I72: =IF('Dr. Shanu Sharma'!G16="","",'Dr. Shanu Sharma'!G16) | J72: =IF('Dr. Shanu Sharma'!H16="","",'Dr. Shanu Sharma'!H16) | K72: =IF('Dr. Shanu Sharma'!I16="","",'Dr. Shanu Sharma'!I16) | L72: =IF(COUNT(H72:K72)=0,"",SUM(H72:K72)) | M72: =IF(COUNT(G72,L72)=0,"",ROUND(SUM(G72,L72),2)) -> 0 | N72: =IF($G72="","Not in Evaluation-1",IF(TRIM(LOWER(IFERROR(INDEX('Evaluation-1'!$H$6:$H$436,MATCH($A72&"|"&$E72,'Evaluation-1'!$P$6:$P$436,0)),INDEX('Evaluation-1'!$H$6:$H$436,MATCH($E72,'Evaluation-1'!$G$6:$G$436,0)))))=TRIM(LOWER($F72)),"OK","CHECK NAME")) -> OK | O72: =IF(C72<>"",C72,O71) -> Mr. Deepak Kanojia | P72: =IF(OR(ISNUMBER(IFERROR(INDEX('Evaluation-1'!$K$6:$K$436,MATCH($A72&"|"&$E72,'Evaluation-1'!$P$6:$P$436,0)),IFERROR(INDEX('Evaluation-1'!$K$6:$K$436,MATCH($E72,'Evaluation-1'!$G$6:$G$436,0)),""))),ISNUMBER(IFERROR(INDEX('Evaluation-1'!$L$6:$L$436,MATCH($A72&"|"&$E72,'Evaluation-1'!$P$6:$P$436,0)),IFERROR(INDEX('Evaluation-1'!$L$6:$L$436,MATCH($E72,'Evaluation-1'!$G$6:$G$436,0)),"")))),"Yes","No") -> Yes | Q72: =IF(L72<>"","Yes","No") -> No | R72: =IF('Dr. Shanu Sharma'!M16="","",'Dr. Shanu Sharma'!M16) | S72: =IF('Dr. Shanu Sharma'!N16="","",'Dr. Shanu Sharma'!N16) | T72: =IF('Dr. Shanu Sharma'!O16="","",'Dr. Shanu Sharma'!O16) | U72: =IF('Dr. Shanu Sharma'!P16="","",'Dr. Shanu Sharma'!P16) | V72: =IF('Dr. Shanu Sharma'!Q16="","",'Dr. Shanu Sharma'!Q16) | W72: =IF(COUNT(R72:V72)=0,"",SUM(R72:V72)) | X72: =IF('Dr. Shanu Sharma'!S16="","",'Dr. Shanu Sharma'!S16) | Y72: =IF('Dr. Shanu Sharma'!T16="","",'Dr. Shanu Sharma'!T16) | Z72: =IF('Dr. Shanu Sharma'!U16="","",'Dr. Shanu Sharma'!U16) | AA72: =IF('Dr. Shanu Sharma'!V16="","",'Dr. Shanu Sharma'!V16) | AB72: =IF('Dr. Shanu Sharma'!W16="","",'Dr. Shanu Sharma'!W16) | AC72: =IF(COUNT(X72:AB72)=0,"",SUM(X72:AB72)) | AD72: =IF(COUNT(M72,W72,AC72)=0,"",ROUND(SUM(M72,W72,AC72),2)) -> 0 | AE72: =IF(W72<>"","Yes","No") -> No | AF72: =IF(AC72<>"","Yes","No") -> No | AG72: =IF(A72<>"",A72,AG71) -> P_020 | AH72: =IF(B72<>"",B72,IF(A72<>"","",AH71)) | AI72: =IF(D72<>"",D72,AI71) -> Dr. Shanu Sharma
E73: 2400320100584 | F73: Katyayani Singh | G73: =IFERROR(INDEX('Evaluation-1'!$N$6:$N$436,MATCH($A73&"|"&$E73,'Evaluation-1'!$P$6:$P$436,0)),IFERROR(INDEX('Evaluation-1'!$N$6:$N$436,MATCH($E73,'Evaluation-1'!$G$6:$G$436,0)),"")) -> 0 | H73: =IF('Dr. Shanu Sharma'!F17="","",'Dr. Shanu Sharma'!F17) | I73: =IF('Dr. Shanu Sharma'!G17="","",'Dr. Shanu Sharma'!G17) | J73: =IF('Dr. Shanu Sharma'!H17="","",'Dr. Shanu Sharma'!H17) | K73: =IF('Dr. Shanu Sharma'!I17="","",'Dr. Shanu Sharma'!I17) | L73: =IF(COUNT(H73:K73)=0,"",SUM(H73:K73)) | M73: =IF(COUNT(G73,L73)=0,"",ROUND(SUM(G73,L73),2)) -> 0 | N73: =IF($G73="","Not in Evaluation-1",IF(TRIM(LOWER(IFERROR(INDEX('Evaluation-1'!$H$6:$H$436,MATCH($A73&"|"&$E73,'Evaluation-1'!$P$6:$P$436,0)),INDEX('Evaluation-1'!$H$6:$H$436,MATCH($E73,'Evaluation-1'!$G$6:$G$436,0)))))=TRIM(LOWER($F73)),"OK","CHECK NAME")) -> OK | O73: =IF(C73<>"",C73,O72) -> Mr. Deepak Kanojia | P73: =IF(OR(ISNUMBER(IFERROR(INDEX('Evaluation-1'!$K$6:$K$436,MATCH($A73&"|"&$E73,'Evaluation-1'!$P$6:$P$436,0)),IFERROR(INDEX('Evaluation-1'!$K$6:$K$436,MATCH($E73,'Evaluation-1'!$G$6:$G$436,0)),""))),ISNUMBER(IFERROR(INDEX('Evaluation-1'!$L$6:$L$436,MATCH($A73&"|"&$E73,'Evaluation-1'!$P$6:$P$436,0)),IFERROR(INDEX('Evaluation-1'!$L$6:$L$436,MATCH($E73,'Evaluation-1'!$G$6:$G$436,0)),"")))),"Yes","No") -> Yes | Q73: =IF(L73<>"","Yes","No") -> No | R73: =IF('Dr. Shanu Sharma'!M17="","",'Dr. Shanu Sharma'!M17) | S73: =IF('Dr. Shanu Sharma'!N17="","",'Dr. Shanu Sharma'!N17) | T73: =IF('Dr. Shanu Sharma'!O17="","",'Dr. Shanu Sharma'!O17) | U73: =IF('Dr. Shanu Sharma'!P17="","",'Dr. Shanu Sharma'!P17) | V73: =IF('Dr. Shanu Sharma'!Q17="","",'Dr. Shanu Sharma'!Q17) | W73: =IF(COUNT(R73:V73)=0,"",SUM(R73:V73)) | X73: =IF('Dr. Shanu Sharma'!S17="","",'Dr. Shanu Sharma'!S17) | Y73: =IF('Dr. Shanu Sharma'!T17="","",'Dr. Shanu Sharma'!T17) | Z73: =IF('Dr. Shanu Sharma'!U17="","",'Dr. Shanu Sharma'!U17) | AA73: =IF('Dr. Shanu Sharma'!V17="","",'Dr. Shanu Sharma'!V17) | AB73: =IF('Dr. Shanu Sharma'!W17="","",'Dr. Shanu Sharma'!W17) | AC73: =IF(COUNT(X73:AB73)=0,"",SUM(X73:AB73)) | AD73: =IF(COUNT(M73,W73,AC73)=0,"",ROUND(SUM(M73,W73,AC73),2)) -> 0 | AE73: =IF(W73<>"","Yes","No") -> No | AF73: =IF(AC73<>"","Yes","No") -> No | AG73: =IF(A73<>"",A73,AG72) -> P_020 | AH73: =IF(B73<>"",B73,IF(A73<>"","",AH72)) | AI73: =IF(D73<>"",D73,AI72) -> Dr. Shanu Sharma
A74: P_021 | B74: =IF('Dr. Anil Kumar Dubey'!B4="","",'Dr. Anil Kumar Dubey'!B4) | C74: Mr. Devendra kumar misra | D74: Dr. Anil Kumar Dubey | E74: 2400320100727 | F74: lin Tomar | G74: =IFERROR(INDEX('Evaluation-1'!$N$6:$N$436,MATCH($A74&"|"&$E74,'Evaluation-1'!$P$6:$P$436,0)),IFERROR(INDEX('Evaluation-1'!$N$6:$N$436,MATCH($E74,'Evaluation-1'!$G$6:$G$436,0)),"")) -> 0 | H74: =IF('Dr. Anil Kumar Dubey'!F4="","",'Dr. Anil Kumar Dubey'!F4) | I74: =IF('Dr. Anil Kumar Dubey'!G4="","",'Dr. Anil Kumar Dubey'!G4) | J74: =IF('Dr. Anil Kumar Dubey'!H4="","",'Dr. Anil Kumar Dubey'!H4) | K74: =IF('Dr. Anil Kumar Dubey'!I4="","",'Dr. Anil Kumar Dubey'!I4) | L74: =IF(COUNT(H74:K74)=0,"",SUM(H74:K74)) | M74: =IF(COUNT(G74,L74)=0,"",ROUND(SUM(G74,L74),2)) -> 0 | N74: =IF($G74="","Not in Evaluation-1",IF(TRIM(LOWER(IFERROR(INDEX('Evaluation-1'!$H$6:$H$436,MATCH($A74&"|"&$E74,'Evaluation-1'!$P$6:$P$436,0)),INDEX('Evaluation-1'!$H$6:$H$436,MATCH($E74,'Evaluation-1'!$G$6:$G$436,0)))))=TRIM(LOWER($F74)),"OK","CHECK NAME")) -> OK | O74: =IF(C74<>"",C74,O73) -> Mr. Devendra kumar misra | P74: =IF(OR(ISNUMBER(IFERROR(INDEX('Evaluation-1'!$K$6:$K$436,MATCH($A74&"|"&$E74,'Evaluation-1'!$P$6:$P$436,0)),IFERROR(INDEX('Evaluation-1'!$K$6:$K$436,MATCH($E74,'Evaluation-1'!$G$6:$G$436,0)),""))),ISNUMBER(IFERROR(INDEX('Evaluation-1'!$L$6:$L$436,MATCH($A74&"|"&$E74,'Evaluation-1'!$P$6:$P$436,0)),IFERROR(INDEX('Evaluation-1'!$L$6:$L$436,MATCH($E74,'Evaluation-1'!$G$6:$G$436,0)),"")))),"Yes","No") -> Yes | Q74: =IF(L74<>"","Yes","No") -> No | R74: =IF('Dr. Anil Kumar Dubey'!M4="","",'Dr. Anil Kumar Dubey'!M4) | S74: =IF('Dr. Anil Kumar Dubey'!N4="","",'Dr. Anil Kumar Dubey'!N4) | T74: =IF('Dr. Anil Kumar Dubey'!O4="","",'Dr. Anil Kumar Dubey'!O4) | U74: =IF('Dr. Anil Kumar Dubey'!P4="","",'Dr. Anil Kumar Dubey'!P4) | V74: =IF('Dr. Anil Kumar Dubey'!Q4="","",'Dr. Anil Kumar Dubey'!Q4) | W74: =IF(COUNT(R74:V74)=0,"",SUM(R74:V74)) | X74: =IF('Dr. Anil Kumar Dubey'!S4="","",'Dr. Anil Kumar Dubey'!S4) | Y74: =IF('Dr. Anil Kumar Dubey'!T4="","",'Dr. Anil Kumar Dubey'!T4) | Z74: =IF('Dr. Anil Kumar Dubey'!U4="","",'Dr. Anil Kumar Dubey'!U4) | AA74: =IF('Dr. Anil Kumar Dubey'!V4="","",'Dr. Anil Kumar Dubey'!V4) | AB74: =IF('Dr. Anil Kumar Dubey'!W4="","",'Dr. Anil Kumar Dubey'!W4) | AC74: =IF(COUNT(X74:AB74)=0,"",SUM(X74:AB74)) | AD74: =IF(COUNT(M74,W74,AC74)=0,"",ROUND(SUM(M74,W74,AC74),2)) -> 0 | AE74: =IF(W74<>"","Yes","No") -> No | AF74: =IF(AC74<>"","Yes","No") -> No | AG74: =IF(A74<>"",A74,AG73) -> P_021 | AH74: =IF(B74<>"",B74,IF(A74<>"","",AH73)) | AI74: =IF(D74<>"",D74,AI73) -> Dr. Anil Kumar Dubey
E75: 2400320100793 | F75: Parth upadhay | G75: =IFERROR(INDEX('Evaluation-1'!$N$6:$N$436,MATCH($A75&"|"&$E75,'Evaluation-1'!$P$6:$P$436,0)),IFERROR(INDEX('Evaluation-1'!$N$6:$N$436,MATCH($E75,'Evaluation-1'!$G$6:$G$436,0)),"")) -> 0 | H75: =IF('Dr. Anil Kumar Dubey'!F5="","",'Dr. Anil Kumar Dubey'!F5) | I75: =IF('Dr. Anil Kumar Dubey'!G5="","",'Dr. Anil Kumar Dubey'!G5) | J75: =IF('Dr. Anil Kumar Dubey'!H5="","",'Dr. Anil Kumar Dubey'!H5) | K75: =IF('Dr. Anil Kumar Dubey'!I5="","",'Dr. Anil Kumar Dubey'!I5) | L75: =IF(COUNT(H75:K75)=0,"",SUM(H75:K75)) | M75: =IF(COUNT(G75,L75)=0,"",ROUND(SUM(G75,L75),2)) -> 0 | N75: =IF($G75="","Not in Evaluation-1",IF(TRIM(LOWER(IFERROR(INDEX('Evaluation-1'!$H$6:$H$436,MATCH($A75&"|"&$E75,'Evaluation-1'!$P$6:$P$436,0)),INDEX('Evaluation-1'!$H$6:$H$436,MATCH($E75,'Evaluation-1'!$G$6:$G$436,0)))))=TRIM(LOWER($F75)),"OK","CHECK NAME")) -> OK | O75: =IF(C75<>"",C75,O74) -> Mr. Devendra kumar misra | P75: =IF(OR(ISNUMBER(IFERROR(INDEX('Evaluation-1'!$K$6:$K$436,MATCH($A75&"|"&$E75,'Evaluation-1'!$P$6:$P$436,0)),IFERROR(INDEX('Evaluation-1'!$K$6:$K$436,MATCH($E75,'Evaluation-1'!$G$6:$G$436,0)),""))),ISNUMBER(IFERROR(INDEX('Evaluation-1'!$L$6:$L$436,MATCH($A75&"|"&$E75,'Evaluation-1'!$P$6:$P$436,0)),IFERROR(INDEX('Evaluation-1'!$L$6:$L$436,MATCH($E75,'Evaluation-1'!$G$6:$G$436,0)),"")))),"Yes","No") -> Yes | Q75: =IF(L75<>"","Yes","No") -> No | R75: =IF('Dr. Anil Kumar Dubey'!M5="","",'Dr. Anil Kumar Dubey'!M5) | S75: =IF('Dr. Anil Kumar Dubey'!N5="","",'Dr. Anil Kumar Dubey'!N5) | T75: =IF('Dr. Anil Kumar Dubey'!O5="","",'Dr. Anil Kumar Dubey'!O5) | U75: =IF('Dr. Anil Kumar Dubey'!P5="","",'Dr. Anil Kumar Dubey'!P5) | V75: =IF('Dr. Anil Kumar Dubey'!Q5="","",'Dr. Anil Kumar Dubey'!Q5) | W75: =IF(COUNT(R75:V75)=0,"",SUM(R75:V75)) | X75: =IF('Dr. Anil Kumar Dubey'!S5="","",'Dr. Anil Kumar Dubey'!S5) | Y75: =IF('Dr. Anil Kumar Dubey'!T5="","",'Dr. Anil Kumar Dubey'!T5) | Z75: =IF('Dr. Anil Kumar Dubey'!U5="","",'Dr. Anil Kumar Dubey'!U5) | AA75: =IF('Dr. Anil Kumar Dubey'!V5="","",'Dr. Anil Kumar Dubey'!V5) | AB75: =IF('Dr. Anil Kumar Dubey'!W5="","",'Dr. Anil Kumar Dubey'!W5) | AC75: =IF(COUNT(X75:AB75)=0,"",SUM(X75:AB75)) | AD75: =IF(COUNT(M75,W75,AC75)=0,"",ROUND(SUM(M75,W75,AC75),2)) -> 0 | AE75: =IF(W75<>"","Yes","No") -> No | AF75: =IF(AC75<>"","Yes","No") -> No | AG75: =IF(A75<>"",A75,AG74) -> P_021 | AH75: =IF(B75<>"",B75,IF(A75<>"","",AH74)) | AI75: =IF(D75<>"",D75,AI74) -> Dr. Anil Kumar Dubey
A76: P_022 | B76: =IF('Dr. Anil Kumar Dubey'!B6="","",'Dr. Anil Kumar Dubey'!B6) | E76: 2400320100477 | F76: Gulshan Kumar | G76: =IFERROR(INDEX('Evaluation-1'!$N$6:$N$436,MATCH($A76&"|"&$E76,'Evaluation-1'!$P$6:$P$436,0)),IFERROR(INDEX('Evaluation-1'!$N$6:$N$436,MATCH($E76,'Evaluation-1'!$G$6:$G$436,0)),"")) -> 4.8 | H76: =IF('Dr. Anil Kumar Dubey'!F6="","",'Dr. Anil Kumar Dubey'!F6) | I76: =IF('Dr. Anil Kumar Dubey'!G6="","",'Dr. Anil Kumar Dubey'!G6) | J76: =IF('Dr. Anil Kumar Dubey'!H6="","",'Dr. Anil Kumar Dubey'!H6) | K76: =IF('Dr. Anil Kumar Dubey'!I6="","",'Dr. Anil Kumar Dubey'!I6) | L76: =IF(COUNT(H76:K76)=0,"",SUM(H76:K76)) | M76: =IF(COUNT(G76,L76)=0,"",ROUND(SUM(G76,L76),2)) -> 4.8 | N76: =IF($G76="","Not in Evaluation-1",IF(TRIM(LOWER(IFERROR(INDEX('Evaluation-1'!$H$6:$H$436,MATCH($A76&"|"&$E76,'Evaluation-1'!$P$6:$P$436,0)),INDEX('Evaluation-1'!$H$6:$H$436,MATCH($E76,'Evaluation-1'!$G$6:$G$436,0)))))=TRIM(LOWER($F76)),"OK","CHECK NAME")) -> OK | O76: =IF(C76<>"",C76,O75) -> Mr. Devendra kumar misra | P76: =IF(OR(ISNUMBER(IFERROR(INDEX('Evaluation-1'!$K$6:$K$436,MATCH($A76&"|"&$E76,'Evaluation-1'!$P$6:$P$436,0)),IFERROR(INDEX('Evaluation-1'!$K$6:$K$436,MATCH($E76,'Evaluation-1'!$G$6:$G$436,0)),""))),ISNUMBER(IFERROR(INDEX('Evaluation-1'!$L$6:$L$436,MATCH($A76&"|"&$E76,'Evaluation-1'!$P$6:$P$436,0)),IFERROR(INDEX('Evaluation-1'!$L$6:$L$436,MATCH($E76,'Evaluation-1'!$G$6:$G$436,0)),"")))),"Yes","No") -> Yes | Q76: =IF(L76<>"","Yes","No") -> No | R76: =IF('Dr. Anil Kumar Dubey'!M6="","",'Dr. Anil Kumar Dubey'!M6) | S76: =IF('Dr. Anil Kumar Dubey'!N6="","",'Dr. Anil Kumar Dubey'!N6) | T76: =IF('Dr. Anil Kumar Dubey'!O6="","",'Dr. Anil Kumar Dubey'!O6) | U76: =IF('Dr. Anil Kumar Dubey'!P6="","",'Dr. Anil Kumar Dubey'!P6) | V76: =IF('Dr. Anil Kumar Dubey'!Q6="","",'Dr. Anil Kumar Dubey'!Q6) | W76: =IF(COUNT(R76:V76)=0,"",SUM(R76:V76)) | X76: =IF('Dr. Anil Kumar Dubey'!S6="","",'Dr. Anil Kumar Dubey'!S6) | Y76: =IF('Dr. Anil Kumar Dubey'!T6="","",'Dr. Anil Kumar Dubey'!T6) | Z76: =IF('Dr. Anil Kumar Dubey'!U6="","",'Dr. Anil Kumar Dubey'!U6) | AA76: =IF('Dr. Anil Kumar Dubey'!V6="","",'Dr. Anil Kumar Dubey'!V6) | AB76: =IF('Dr. Anil Kumar Dubey'!W6="","",'Dr. Anil Kumar Dubey'!W6) | AC76: =IF(COUNT(X76:AB76)=0,"",SUM(X76:AB76)) | AD76: =IF(COUNT(M76,W76,AC76)=0,"",ROUND(SUM(M76,W76,AC76),2)) -> 4.8 | AE76: =IF(W76<>"","Yes","No") -> No | AF76: =IF(AC76<>"","Yes","No") -> No | AG76: =IF(A76<>"",A76,AG75) -> P_022 | AH76: =IF(B76<>"",B76,IF(A76<>"","",AH75)) | AI76: =IF(D76<>"",D76,AI75) -> Dr. Anil Kumar Dubey
E77: 2400320100493 | F77: Harsh Maurya | G77: =IFERROR(INDEX('Evaluation-1'!$N$6:$N$436,MATCH($A77&"|"&$E77,'Evaluation-1'!$P$6:$P$436,0)),IFERROR(INDEX('Evaluation-1'!$N$6:$N$436,MATCH($E77,'Evaluation-1'!$G$6:$G$436,0)),"")) -> 4.8 | H77: =IF('Dr. Anil Kumar Dubey'!F7="","",'Dr. Anil Kumar Dubey'!F7) | I77: =IF('Dr. Anil Kumar Dubey'!G7="","",'Dr. Anil Kumar Dubey'!G7) | J77: =IF('Dr. Anil Kumar Dubey'!H7="","",'Dr. Anil Kumar Dubey'!H7) | K77: =IF('Dr. Anil Kumar Dubey'!I7="","",'Dr. Anil Kumar Dubey'!I7) | L77: =IF(COUNT(H77:K77)=0,"",SUM(H77:K77)) | M77: =IF(COUNT(G77,L77)=0,"",ROUND(SUM(G77,L77),2)) -> 4.8 | N77: =IF($G77="","Not in Evaluation-1",IF(TRIM(LOWER(IFERROR(INDEX('Evaluation-1'!$H$6:$H$436,MATCH($A77&"|"&$E77,'Evaluation-1'!$P$6:$P$436,0)),INDEX('Evaluation-1'!$H$6:$H$436,MATCH($E77,'Evaluation-1'!$G$6:$G$436,0)))))=TRIM(LOWER($F77)),"OK","CHECK NAME")) -> OK | O77: =IF(C77<>"",C77,O76) -> Mr. Devendra kumar misra | P77: =IF(OR(ISNUMBER(IFERROR(INDEX('Evaluation-1'!$K$6:$K$436,MATCH($A77&"|"&$E77,'Evaluation-1'!$P$6:$P$436,0)),IFERROR(INDEX('Evaluation-1'!$K$6:$K$436,MATCH($E77,'Evaluation-1'!$G$6:$G$436,0)),""))),ISNUMBER(IFERROR(INDEX('Evaluation-1'!$L$6:$L$436,MATCH($A77&"|"&$E77,'Evaluation-1'!$P$6:$P$436,0)),IFERROR(INDEX('Evaluation-1'!$L$6:$L$436,MATCH($E77,'Evaluation-1'!$G$6:$G$436,0)),"")))),"Yes","No") -> Yes | Q77: =IF(L77<>"","Yes","No") -> No | R77: =IF('Dr. Anil Kumar Dubey'!M7="","",'Dr. Anil Kumar Dubey'!M7) | S77: =IF('Dr. Anil Kumar Dubey'!N7="","",'Dr. Anil Kumar Dubey'!N7) | T77: =IF('Dr. Anil Kumar Dubey'!O7="","",'Dr. Anil Kumar Dubey'!O7) | U77: =IF('Dr. Anil Kumar Dubey'!P7="","",'Dr. Anil Kumar Dubey'!P7) | V77: =IF('Dr. Anil Kumar Dubey'!Q7="","",'Dr. Anil Kumar Dubey'!Q7) | W77: =IF(COUNT(R77:V77)=0,"",SUM(R77:V77)) | X77: =IF('Dr. Anil Kumar Dubey'!S7="","",'Dr. Anil Kumar Dubey'!S7) | Y77: =IF('Dr. Anil Kumar Dubey'!T7="","",'Dr. Anil Kumar Dubey'!T7) | Z77: =IF('Dr. Anil Kumar Dubey'!U7="","",'Dr. Anil Kumar Dubey'!U7) | AA77: =IF('Dr. Anil Kumar Dubey'!V7="","",'Dr. Anil Kumar Dubey'!V7) | AB77: =IF('Dr. Anil Kumar Dubey'!W7="","",'Dr. Anil Kumar Dubey'!W7) | AC77: =IF(COUNT(X77:AB77)=0,"",SUM(X77:AB77)) | AD77: =IF(COUNT(M77,W77,AC77)=0,"",ROUND(SUM(M77,W77,AC77),2)) -> 4.8 | AE77: =IF(W77<>"","Yes","No") -> No | AF77: =IF(AC77<>"","Yes","No") -> No | AG77: =IF(A77<>"",A77,AG76) -> P_022 | AH77: =IF(B77<>"",B77,IF(A77<>"","",AH76)) | AI77: =IF(D77<>"",D77,AI76) -> Dr. Anil Kumar Dubey
E78: 2400320100491 | F78: Harsh Kushwaha | G78: =IFERROR(INDEX('Evaluation-1'!$N$6:$N$436,MATCH($A78&"|"&$E78,'Evaluation-1'!$P$6:$P$436,0)),IFERROR(INDEX('Evaluation-1'!$N$6:$N$436,MATCH($E78,'Evaluation-1'!$G$6:$G$436,0)),"")) -> 4.8 | H78: =IF('Dr. Anil Kumar Dubey'!F8="","",'Dr. Anil Kumar Dubey'!F8) | I78: =IF('Dr. Anil Kumar Dubey'!G8="","",'Dr. Anil Kumar Dubey'!G8) | J78: =IF('Dr. Anil Kumar Dubey'!H8="","",'Dr. Anil Kumar Dubey'!H8) | K78: =IF('Dr. Anil Kumar Dubey'!I8="","",'Dr. Anil Kumar Dubey'!I8) | L78: =IF(COUNT(H78:K78)=0,"",SUM(H78:K78)) | M78: =IF(COUNT(G78,L78)=0,"",ROUND(SUM(G78,L78),2)) -> 4.8 | N78: =IF($G78="","Not in Evaluation-1",IF(TRIM(LOWER(IFERROR(INDEX('Evaluation-1'!$H$6:$H$436,MATCH($A78&"|"&$E78,'Evaluation-1'!$P$6:$P$436,0)),INDEX('Evaluation-1'!$H$6:$H$436,MATCH($E78,'Evaluation-1'!$G$6:$G$436,0)))))=TRIM(LOWER($F78)),"OK","CHECK NAME")) -> OK | O78: =IF(C78<>"",C78,O77) -> Mr. Devendra kumar misra | P78: =IF(OR(ISNUMBER(IFERROR(INDEX('Evaluation-1'!$K$6:$K$436,MATCH($A78&"|"&$E78,'Evaluation-1'!$P$6:$P$436,0)),IFERROR(INDEX('Evaluation-1'!$K$6:$K$436,MATCH($E78,'Evaluation-1'!$G$6:$G$436,0)),""))),ISNUMBER(IFERROR(INDEX('Evaluation-1'!$L$6:$L$436,MATCH($A78&"|"&$E78,'Evaluation-1'!$P$6:$P$436,0)),IFERROR(INDEX('Evaluation-1'!$L$6:$L$436,MATCH($E78,'Evaluation-1'!$G$6:$G$436,0)),"")))),"Yes","No") -> Yes | Q78: =IF(L78<>"","Yes","No") -> No | R78: =IF('Dr. Anil Kumar Dubey'!M8="","",'Dr. Anil Kumar Dubey'!M8) | S78: =IF('Dr. Anil Kumar Dubey'!N8="","",'Dr. Anil Kumar Dubey'!N8) | T78: =IF('Dr. Anil Kumar Dubey'!O8="","",'Dr. Anil Kumar Dubey'!O8) | U78: =IF('Dr. Anil Kumar Dubey'!P8="","",'Dr. Anil Kumar Dubey'!P8) | V78: =IF('Dr. Anil Kumar Dubey'!Q8="","",'Dr. Anil Kumar Dubey'!Q8) | W78: =IF(COUNT(R78:V78)=0,"",SUM(R78:V78)) | X78: =IF('Dr. Anil Kumar Dubey'!S8="","",'Dr. Anil Kumar Dubey'!S8) | Y78: =IF('Dr. Anil Kumar Dubey'!T8="","",'Dr. Anil Kumar Dubey'!T8) | Z78: =IF('Dr. Anil Kumar Dubey'!U8="","",'Dr. Anil Kumar Dubey'!U8) | AA78: =IF('Dr. Anil Kumar Dubey'!V8="","",'Dr. Anil Kumar Dubey'!V8) | AB78: =IF('Dr. Anil Kumar Dubey'!W8="","",'Dr. Anil Kumar Dubey'!W8) | AC78: =IF(COUNT(X78:AB78)=0,"",SUM(X78:AB78)) | AD78: =IF(COUNT(M78,W78,AC78)=0,"",ROUND(SUM(M78,W78,AC78),2)) -> 4.8 | AE78: =IF(W78<>"","Yes","No") -> No | AF78: =IF(AC78<>"","Yes","No") -> No | AG78: =IF(A78<>"",A78,AG77) -> P_022 | AH78: =IF(B78<>"",B78,IF(A78<>"","",AH77)) | AI78: =IF(D78<>"",D78,AI77) -> Dr. Anil Kumar Dubey
E79: 2400320100495 | F79: Harsh Sahu | G79: =IFERROR(INDEX('Evaluation-1'!$N$6:$N$436,MATCH($A79&"|"&$E79,'Evaluation-1'!$P$6:$P$436,0)),IFERROR(INDEX('Evaluation-1'!$N$6:$N$436,MATCH($E79,'Evaluation-1'!$G$6:$G$436,0)),"")) -> 4.8 | H79: =IF('Dr. Anil Kumar Dubey'!F9="","",'Dr. Anil Kumar Dubey'!F9) | I79: =IF('Dr. Anil Kumar Dubey'!G9="","",'Dr. Anil Kumar Dubey'!G9) | J79: =IF('Dr. Anil Kumar Dubey'!H9="","",'Dr. Anil Kumar Dubey'!H9) | K79: =IF('Dr. Anil Kumar Dubey'!I9="","",'Dr. Anil Kumar Dubey'!I9) | L79: =IF(COUNT(H79:K79)=0,"",SUM(H79:K79)) | M79: =IF(COUNT(G79,L79)=0,"",ROUND(SUM(G79,L79),2)) -> 4.8 | N79: =IF($G79="","Not in Evaluation-1",IF(TRIM(LOWER(IFERROR(INDEX('Evaluation-1'!$H$6:$H$436,MATCH($A79&"|"&$E79,'Evaluation-1'!$P$6:$P$436,0)),INDEX('Evaluation-1'!$H$6:$H$436,MATCH($E79,'Evaluation-1'!$G$6:$G$436,0)))))=TRIM(LOWER($F79)),"OK","CHECK NAME")) -> OK | O79: =IF(C79<>"",C79,O78) -> Mr. Devendra kumar misra | P79: =IF(OR(ISNUMBER(IFERROR(INDEX('Evaluation-1'!$K$6:$K$436,MATCH($A79&"|"&$E79,'Evaluation-1'!$P$6:$P$436,0)),IFERROR(INDEX('Evaluation-1'!$K$6:$K$436,MATCH($E79,'Evaluation-1'!$G$6:$G$436,0)),""))),ISNUMBER(IFERROR(INDEX('Evaluation-1'!$L$6:$L$436,MATCH($A79&"|"&$E79,'Evaluation-1'!$P$6:$P$436,0)),IFERROR(INDEX('Evaluation-1'!$L$6:$L$436,MATCH($E79,'Evaluation-1'!$G$6:$G$436,0)),"")))),"Yes","No") -> Yes | Q79: =IF(L79<>"","Yes","No") -> No | R79: =IF('Dr. Anil Kumar Dubey'!M9="","",'Dr. Anil Kumar Dubey'!M9) | S79: =IF('Dr. Anil Kumar Dubey'!N9="","",'Dr. Anil Kumar Dubey'!N9) | T79: =IF('Dr. Anil Kumar Dubey'!O9="","",'Dr. Anil Kumar Dubey'!O9) | U79: =IF('Dr. Anil Kumar Dubey'!P9="","",'Dr. Anil Kumar Dubey'!P9) | V79: =IF('Dr. Anil Kumar Dubey'!Q9="","",'Dr. Anil Kumar Dubey'!Q9) | W79: =IF(COUNT(R79:V79)=0,"",SUM(R79:V79)) | X79: =IF('Dr. Anil Kumar Dubey'!S9="","",'Dr. Anil Kumar Dubey'!S9) | Y79: =IF('Dr. Anil Kumar Dubey'!T9="","",'Dr. Anil Kumar Dubey'!T9) | Z79: =IF('Dr. Anil Kumar Dubey'!U9="","",'Dr. Anil Kumar Dubey'!U9) | AA79: =IF('Dr. Anil Kumar Dubey'!V9="","",'Dr. Anil Kumar Dubey'!V9) | AB79: =IF('Dr. Anil Kumar Dubey'!W9="","",'Dr. Anil Kumar Dubey'!W9) | AC79: =IF(COUNT(X79:AB79)=0,"",SUM(X79:AB79)) | AD79: =IF(COUNT(M79,W79,AC79)=0,"",ROUND(SUM(M79,W79,AC79),2)) -> 4.8 | AE79: =IF(W79<>"","Yes","No") -> No | AF79: =IF(AC79<>"","Yes","No") -> No | AG79: =IF(A79<>"",A79,AG78) -> P_022 | AH79: =IF(B79<>"",B79,IF(A79<>"","",AH78)) | AI79: =IF(D79<>"",D79,AI78) -> Dr. Anil Kumar Dubey
A80: P_023 | B80: =IF('Dr. Anil Kumar Dubey'!B10="","",'Dr. Anil Kumar Dubey'!B10) | E80: 2400320100751 | F80: Nikhil Yadav | G80: =IFERROR(INDEX('Evaluation-1'!$N$6:$N$436,MATCH($A80&"|"&$E80,'Evaluation-1'!$P$6:$P$436,0)),IFERROR(INDEX('Evaluation-1'!$N$6:$N$436,MATCH($E80,'Evaluation-1'!$G$6:$G$436,0)),"")) -> 4.8 | H80: =IF('Dr. Anil Kumar Dubey'!F10="","",'Dr. Anil Kumar Dubey'!F10) | I80: =IF('Dr. Anil Kumar Dubey'!G10="","",'Dr. Anil Kumar Dubey'!G10) | J80: =IF('Dr. Anil Kumar Dubey'!H10="","",'Dr. Anil Kumar Dubey'!H10) | K80: =IF('Dr. Anil Kumar Dubey'!I10="","",'Dr. Anil Kumar Dubey'!I10) | L80: =IF(COUNT(H80:K80)=0,"",SUM(H80:K80)) | M80: =IF(COUNT(G80,L80)=0,"",ROUND(SUM(G80,L80),2)) -> 4.8 | N80: =IF($G80="","Not in Evaluation-1",IF(TRIM(LOWER(IFERROR(INDEX('Evaluation-1'!$H$6:$H$436,MATCH($A80&"|"&$E80,'Evaluation-1'!$P$6:$P$436,0)),INDEX('Evaluation-1'!$H$6:$H$436,MATCH($E80,'Evaluation-1'!$G$6:$G$436,0)))))=TRIM(LOWER($F80)),"OK","CHECK NAME")) -> OK | O80: =IF(C80<>"",C80,O79) -> Mr. Devendra kumar misra | P80: =IF(OR(ISNUMBER(IFERROR(INDEX('Evaluation-1'!$K$6:$K$436,MATCH($A80&"|"&$E80,'Evaluation-1'!$P$6:$P$436,0)),IFERROR(INDEX('Evaluation-1'!$K$6:$K$436,MATCH($E80,'Evaluation-1'!$G$6:$G$436,0)),""))),ISNUMBER(IFERROR(INDEX('Evaluation-1'!$L$6:$L$436,MATCH($A80&"|"&$E80,'Evaluation-1'!$P$6:$P$436,0)),IFERROR(INDEX('Evaluation-1'!$L$6:$L$436,MATCH($E80,'Evaluation-1'!$G$6:$G$436,0)),"")))),"Yes","No") -> Yes | Q80: =IF(L80<>"","Yes","No") -> No | R80: =IF('Dr. Anil Kumar Dubey'!M10="","",'Dr. Anil Kumar Dubey'!M10) | S80: =IF('Dr. Anil Kumar Dubey'!N10="","",'Dr. Anil Kumar Dubey'!N10) | T80: =IF('Dr. Anil Kumar Dubey'!O10="","",'Dr. Anil Kumar Dubey'!O10) | U80: =IF('Dr. Anil Kumar Dubey'!P10="","",'Dr. Anil Kumar Dubey'!P10) | V80: =IF('Dr. Anil Kumar Dubey'!Q10="","",'Dr. Anil Kumar Dubey'!Q10) | W80: =IF(COUNT(R80:V80)=0,"",SUM(R80:V80)) | X80: =IF('Dr. Anil Kumar Dubey'!S10="","",'Dr. Anil Kumar Dubey'!S10) | Y80: =IF('Dr. Anil Kumar Dubey'!T10="","",'Dr. Anil Kumar Dubey'!T10) | Z80: =IF('Dr. Anil Kumar Dubey'!U10="","",'Dr. Anil Kumar Dubey'!U10) | AA80: =IF('Dr. Anil Kumar Dubey'!V10="","",'Dr. Anil Kumar Dubey'!V10) | AB80: =IF('Dr. Anil Kumar Dubey'!W10="","",'Dr. Anil Kumar Dubey'!W10) | AC80: =IF(COUNT(X80:AB80)=0,"",SUM(X80:AB80)) | AD80: =IF(COUNT(M80,W80,AC80)=0,"",ROUND(SUM(M80,W80,AC80),2)) -> 4.8 | AE80: =IF(W80<>"","Yes","No") -> No | AF80: =IF(AC80<>"","Yes","No") -> No | AG80: =IF(A80<>"",A80,AG79) -> P_023 | AH80: =IF(B80<>"",B80,IF(A80<>"","",AH79)) | AI80: =IF(D80<>"",D80,AI79) -> Dr. Anil Kumar Dubey
E81: 2400320100763 | F81: Nitin Chaturvedi | G81: =IFERROR(INDEX('Evaluation-1'!$N$6:$N$436,MATCH($A81&"|"&$E81,'Evaluation-1'!$P$6:$P$436,0)),IFERROR(INDEX('Evaluation-1'!$N$6:$N$436,MATCH($E81,'Evaluation-1'!$G$6:$G$436,0)),"")) -> 4.8 | H81: =IF('Dr. Anil Kumar Dubey'!F11="","",'Dr. Anil Kumar Dubey'!F11) | I81: =IF('Dr. Anil Kumar Dubey'!G11="","",'Dr. Anil Kumar Dubey'!G11) | J81: =IF('Dr. Anil Kumar Dubey'!H11="","",'Dr. Anil Kumar Dubey'!H11) | K81: =IF('Dr. Anil Kumar Dubey'!I11="","",'Dr. Anil Kumar Dubey'!I11) | L81: =IF(COUNT(H81:K81)=0,"",SUM(H81:K81)) | M81: =IF(COUNT(G81,L81)=0,"",ROUND(SUM(G81,L81),2)) -> 4.8 | N81: =IF($G81="","Not in Evaluation-1",IF(TRIM(LOWER(IFERROR(INDEX('Evaluation-1'!$H$6:$H$436,MATCH($A81&"|"&$E81,'Evaluation-1'!$P$6:$P$436,0)),INDEX('Evaluation-1'!$H$6:$H$436,MATCH($E81,'Evaluation-1'!$G$6:$G$436,0)))))=TRIM(LOWER($F81)),"OK","CHECK NAME")) -> OK | O81: =IF(C81<>"",C81,O80) -> Mr. Devendra kumar misra | P81: =IF(OR(ISNUMBER(IFERROR(INDEX('Evaluation-1'!$K$6:$K$436,MATCH($A81&"|"&$E81,'Evaluation-1'!$P$6:$P$436,0)),IFERROR(INDEX('Evaluation-1'!$K$6:$K$436,MATCH($E81,'Evaluation-1'!$G$6:$G$436,0)),""))),ISNUMBER(IFERROR(INDEX('Evaluation-1'!$L$6:$L$436,MATCH($A81&"|"&$E81,'Evaluation-1'!$P$6:$P$436,0)),IFERROR(INDEX('Evaluation-1'!$L$6:$L$436,MATCH($E81,'Evaluation-1'!$G$6:$G$436,0)),"")))),"Yes","No") -> Yes | Q81: =IF(L81<>"","Yes","No") -> No | R81: =IF('Dr. Anil Kumar Dubey'!M11="","",'Dr. Anil Kumar Dubey'!M11) | S81: =IF('Dr. Anil Kumar Dubey'!N11="","",'Dr. Anil Kumar Dubey'!N11) | T81: =IF('Dr. Anil Kumar Dubey'!O11="","",'Dr. Anil Kumar Dubey'!O11) | U81: =IF('Dr. Anil Kumar Dubey'!P11="","",'Dr. Anil Kumar Dubey'!P11) | V81: =IF('Dr. Anil Kumar Dubey'!Q11="","",'Dr. Anil Kumar Dubey'!Q11) | W81: =IF(COUNT(R81:V81)=0,"",SUM(R81:V81)) | X81: =IF('Dr. Anil Kumar Dubey'!S11="","",'Dr. Anil Kumar Dubey'!S11) | Y81: =IF('Dr. Anil Kumar Dubey'!T11="","",'Dr. Anil Kumar Dubey'!T11) | Z81: =IF('Dr. Anil Kumar Dubey'!U11="","",'Dr. Anil Kumar Dubey'!U11) | AA81: =IF('Dr. Anil Kumar Dubey'!V11="","",'Dr. Anil Kumar Dubey'!V11) | AB81: =IF('Dr. Anil Kumar Dubey'!W11="","",'Dr. Anil Kumar Dubey'!W11) | AC81: =IF(COUNT(X81:AB81)=0,"",SUM(X81:AB81)) | AD81: =IF(COUNT(M81,W81,AC81)=0,"",ROUND(SUM(M81,W81,AC81),2)) -> 4.8 | AE81: =IF(W81<>"","Yes","No") -> No | AF81: =IF(AC81<>"","Yes","No") -> No | AG81: =IF(A81<>"",A81,AG80) -> P_023 | AH81: =IF(B81<>"",B81,IF(A81<>"","",AH80)) | AI81: =IF(D81<>"",D81,AI80) -> Dr. Anil Kumar Dubey
E82: 2400320100724 | F82: Nageshwar Upadhayay | G82: =IFERROR(INDEX('Evaluation-1'!$N$6:$N$436,MATCH($A82&"|"&$E82,'Evaluation-1'!$P$6:$P$436,0)),IFERROR(INDEX('Evaluation-1'!$N$6:$N$436,MATCH($E82,'Evaluation-1'!$G$6:$G$436,0)),"")) -> 4.8 | H82: =IF('Dr. Anil Kumar Dubey'!F12="","",'Dr. Anil Kumar Dubey'!F12) | I82: =IF('Dr. Anil Kumar Dubey'!G12="","",'Dr. Anil Kumar Dubey'!G12) | J82: =IF('Dr. Anil Kumar Dubey'!H12="","",'Dr. Anil Kumar Dubey'!H12) | K82: =IF('Dr. Anil Kumar Dubey'!I12="","",'Dr. Anil Kumar Dubey'!I12) | L82: =IF(COUNT(H82:K82)=0,"",SUM(H82:K82)) | M82: =IF(COUNT(G82,L82)=0,"",ROUND(SUM(G82,L82),2)) -> 4.8 | N82: =IF($G82="","Not in Evaluation-1",IF(TRIM(LOWER(IFERROR(INDEX('Evaluation-1'!$H$6:$H$436,MATCH($A82&"|"&$E82,'Evaluation-1'!$P$6:$P$436,0)),INDEX('Evaluation-1'!$H$6:$H$436,MATCH($E82,'Evaluation-1'!$G$6:$G$436,0)))))=TRIM(LOWER($F82)),"OK","CHECK NAME")) -> OK | O82: =IF(C82<>"",C82,O81) -> Mr. Devendra kumar misra | P82: =IF(OR(ISNUMBER(IFERROR(INDEX('Evaluation-1'!$K$6:$K$436,MATCH($A82&"|"&$E82,'Evaluation-1'!$P$6:$P$436,0)),IFERROR(INDEX('Evaluation-1'!$K$6:$K$436,MATCH($E82,'Evaluation-1'!$G$6:$G$436,0)),""))),ISNUMBER(IFERROR(INDEX('Evaluation-1'!$L$6:$L$436,MATCH($A82&"|"&$E82,'Evaluation-1'!$P$6:$P$436,0)),IFERROR(INDEX('Evaluation-1'!$L$6:$L$436,MATCH($E82,'Evaluation-1'!$G$6:$G$436,0)),"")))),"Yes","No") -> Yes | Q82: =IF(L82<>"","Yes","No") -> No | R82: =IF('Dr. Anil Kumar Dubey'!M12="","",'Dr. Anil Kumar Dubey'!M12) | S82: =IF('Dr. Anil Kumar Dubey'!N12="","",'Dr. Anil Kumar Dubey'!N12) | T82: =IF('Dr. Anil Kumar Dubey'!O12="","",'Dr. Anil Kumar Dubey'!O12) | U82: =IF('Dr. Anil Kumar Dubey'!P12="","",'Dr. Anil Kumar Dubey'!P12) | V82: =IF('Dr. Anil Kumar Dubey'!Q12="","",'Dr. Anil Kumar Dubey'!Q12) | W82: =IF(COUNT(R82:V82)=0,"",SUM(R82:V82)) | X82: =IF('Dr. Anil Kumar Dubey'!S12="","",'Dr. Anil Kumar Dubey'!S12) | Y82: =IF('Dr. Anil Kumar Dubey'!T12="","",'Dr. Anil Kumar Dubey'!T12) | Z82: =IF('Dr. Anil Kumar Dubey'!U12="","",'Dr. Anil Kumar Dubey'!U12) | AA82: =IF('Dr. Anil Kumar Dubey'!V12="","",'Dr. Anil Kumar Dubey'!V12) | AB82: =IF('Dr. Anil Kumar Dubey'!W12="","",'Dr. Anil Kumar Dubey'!W12) | AC82: =IF(COUNT(X82:AB82)=0,"",SUM(X82:AB82)) | AD82: =IF(COUNT(M82,W82,AC82)=0,"",ROUND(SUM(M82,W82,AC82),2)) -> 4.8 | AE82: =IF(W82<>"","Yes","No") -> No | AF82: =IF(AC82<>"","Yes","No") -> No | AG82: =IF(A82<>"",A82,AG81) -> P_023 | AH82: =IF(B82<>"",B82,IF(A82<>"","",AH81)) | AI82: =IF(D82<>"",D82,AI81) -> Dr. Anil Kumar Dubey
